{"classes":{"0":"chair","1":"person","2":"tv","3":"chair","4":"tv","5":"person","6":"person","7":"chair","8":"laptop","9":"chair","10":"person","11":"couch","12":"tv","13":"person","14":"couch","15":"chair","16":"person","17":"couch","18":"chair","19":"chair","20":"couch","21":"tv","22":"chair","23":"person","24":"tv","25":"person","26":"couch","27":"tv","28":"couch","29":"person","30":"couch","31":"couch","32":"chair","33":"couch","34":"chair","35":"laptop","36":"couch","37":"tie","38":"tv","39":"couch","40":"couch","41":"tv","42":"chair","43":"person","44":"tv","45":"tv","46":"person","47":"chair","48":"tv","49":"tv","50":"couch","51":"couch","52":"couch","53":"chair","54":"person","55":"couch","56":"couch","57":"couch","58":"couch","59":"person","60":"chair","61":"laptop","62":"tv","63":"couch","64":"chair","65":"couch","66":"couch","67":"person","68":"person","69":"chair","70":"couch","71":"chair","72":"chair","73":"tv","74":"couch","75":"couch","76":"person","77":"couch","78":"chair","79":"chair","80":"couch","81":"chair","82":"couch","83":"couch","84":"chair","85":"person","86":"laptop","87":"person","88":"person","89":"couch","90":"person","91":"couch","92":"laptop","93":"couch","94":"couch","95":"person","96":"tv","97":"tv","98":"laptop","99":"chair","100":"couch","101":"person","102":"chair","103":"couch","104":"couch","105":"person","106":"person","107":"chair","108":"chair","109":"couch","110":"person","111":"chair","112":"person","113":"person","114":"chair","115":"chair","116":"couch","117":"chair","118":"couch","119":"chair","120":"couch","121":"couch","122":"person","123":"chair","124":"person","125":"person","126":"chair","127":"tv","128":"person","129":"tv","130":"couch","131":"chair","132":"couch","133":"laptop","134":"couch","135":"couch","136":"tv","137":"person","138":"couch","139":"chair","140":"chair","141":"chair","142":"tv","143":"chair","144":"chair","145":"couch","146":"chair","147":"person","148":"person","149":"couch","150":"couch","151":"person","152":"tv","153":"couch","154":"chair","155":"chair","156":"couch","157":"tv","158":"chair","159":"chair","160":"couch","161":"tv","162":"person","163":"person","164":"couch","165":"chair","166":"chair","167":"tv","168":"person","169":"laptop","170":"couch","171":"chair","172":"couch","173":"chair","174":"couch","175":"chair","176":"person","177":"chair","178":"person","179":"chair","180":"chair","181":"couch","182":"tv","183":"chair","184":"tv","185":"couch","186":"person","187":"person","188":"tv","189":"tv","190":"couch","191":"couch","192":"couch","193":"couch","194":"couch","195":"tv","196":"chair","197":"tv","198":"chair","199":"person","200":"person","201":"person","202":"couch","203":"chair","204":"person","205":"chair","206":"tv","207":"couch","208":"chair","209":"chair","210":"tv","211":"couch","212":"chair","213":"chair","214":"tv","215":"laptop","216":"person","217":"tv","218":"chair","219":"couch","220":"chair","221":"couch","222":"person","223":"chair","224":"couch","225":"tv","226":"couch","227":"couch","228":"chair","229":"tv","230":"person","231":"chair","232":"couch","233":"couch","234":"tv","235":"couch","236":"couch","237":"couch","238":"tv","239":"chair","240":"person","241":"tv","242":"person","243":"person","244":"tv","245":"person","246":"chair","247":"person","248":"person","249":"chair","250":"chair","251":"person","252":"tv","253":"tv","254":"person","255":"couch","256":"tv","257":"couch","258":"person","259":"tv","260":"chair","261":"person","262":"tv","263":"person","264":"couch","265":"chair","266":"couch","267":"tv","268":"couch","269":"chair","270":"couch","271":"tv","272":"chair","273":"couch","274":"chair","275":"couch","276":"couch","277":"person","278":"chair","279":"tv","280":"couch","281":"tv","282":"couch","283":"tv","284":"tv","285":"chair","286":"chair","287":"chair","288":"person","289":"chair","290":"laptop","291":"couch","292":"tv","293":"tv","294":"couch","295":"person","296":"couch","297":"tv","298":"person","299":"chair","300":"couch","301":"person","302":"person","303":"chair","304":"couch","305":"couch","306":"chair","307":"chair","308":"chair","309":"chair","310":"tie","311":"chair","312":"tv","313":"person","314":"chair","315":"chair","316":"person","317":"couch","318":"person","319":"chair","320":"chair","321":"person","322":"tv","323":"chair","324":"couch","325":"couch","326":"couch","327":"tv","328":"couch","329":"couch","330":"couch","331":"chair","332":"couch","333":"person","334":"person","335":"chair","336":"couch","337":"couch","338":"tv","339":"chair","340":"tv","341":"tie","342":"person","343":"tv","344":"couch","345":"tv","346":"couch","347":"couch","348":"couch","349":"tv","350":"couch","351":"chair","352":"tv","353":"person","354":"couch","355":"person","356":"tv","357":"tv","358":"person","359":"chair","360":"person","361":"person","362":"couch","363":"chair","364":"person","365":"chair","366":"couch","367":"couch","368":"person","369":"couch","370":"couch","371":"couch","372":"couch","373":"chair","374":"chair","375":"tv","376":"tv","377":"tv","378":"couch","379":"laptop","380":"chair","381":"tv","382":"person","383":"chair","384":"chair","385":"couch","386":"chair","387":"chair","388":"chair","389":"chair","390":"person","391":"chair","392":"chair","393":"tv","394":"tv","395":"couch","396":"couch","397":"person","398":"laptop","399":"couch","400":"chair","401":"chair","402":"person","403":"chair","404":"tv","405":"couch","406":"tv","407":"couch","408":"couch","409":"chair","410":"tv","411":"person","412":"chair","413":"couch","414":"couch","415":"person","416":"chair","417":"couch","418":"couch","419":"laptop","420":"person","421":"chair","422":"person","423":"couch","424":"person","425":"chair","426":"person","427":"chair","428":"chair","429":"chair","430":"couch","431":"couch","432":"tv","433":"chair","434":"laptop","435":"couch","436":"chair","437":"chair","438":"couch","439":"tie","440":"laptop","441":"couch","442":"couch","443":"couch","444":"chair","445":"couch","446":"couch","447":"couch","448":"person","449":"chair","450":"person","451":"chair","452":"tie","453":"couch","454":"tv","455":"chair","456":"person","457":"chair","458":"couch","459":"tv","460":"couch","461":"person","462":"chair","463":"chair","464":"couch","465":"chair","466":"tv","467":"couch","468":"person","469":"couch","470":"tv","471":"chair","472":"chair","473":"tv","474":"chair","475":"tv","476":"couch","477":"tie","478":"chair","479":"couch","480":"person","481":"couch","482":"person","483":"chair","484":"couch","485":"tv","486":"chair","487":"person","488":"person","489":"tv","490":"couch","491":"tv","492":"tv","493":"person","494":"couch","495":"laptop","496":"chair","497":"chair","498":"person","499":"tv","500":"couch","501":"couch","502":"tv","503":"couch","504":"chair","505":"person","506":"chair","507":"chair","508":"couch","509":"chair","510":"tv","511":"chair","512":"tv","513":"tv","514":"chair","515":"tv","516":"person","517":"couch","518":"chair","519":"person","520":"chair","521":"person","522":"couch","523":"person","524":"couch","525":"tv","526":"couch","527":"couch","528":"tv","529":"tv","530":"chair","531":"couch","532":"person","533":"person","534":"person","535":"couch","536":"couch","537":"couch","538":"chair","539":"chair","540":"couch","541":"couch","542":"person","543":"chair","544":"chair","545":"chair","546":"couch","547":"person","548":"chair","549":"chair","550":"couch","551":"tv","552":"tv","553":"person","554":"couch","555":"chair","556":"tv","557":"couch","558":"couch","559":"tv","560":"chair","561":"couch","562":"couch","563":"chair","564":"couch","565":"tv","566":"couch","567":"chair","568":"person","569":"couch","570":"tv","571":"chair","572":"person","573":"chair","574":"tv","575":"chair","576":"tv","577":"person","578":"chair","579":"person","580":"person","581":"couch","582":"couch","583":"tv","584":"chair","585":"chair","586":"couch","587":"couch","588":"couch","589":"person","590":"person","591":"chair","592":"chair","593":"couch","594":"chair","595":"couch","596":"person","597":"couch","598":"chair","599":"tv","600":"tv","601":"tv","602":"chair","603":"person","604":"person","605":"tv","606":"couch","607":"chair","608":"chair","609":"chair","610":"couch","611":"couch","612":"chair","613":"chair","614":"couch","615":"couch","616":"chair","617":"tv","618":"person","619":"tv","620":"tv","621":"person","622":"laptop","623":"person","624":"chair","625":"tv","626":"tv","627":"chair","628":"laptop","629":"tv","630":"chair","631":"laptop","632":"laptop","633":"person","634":"couch","635":"person","636":"couch","637":"chair","638":"tv","639":"person","640":"couch","641":"couch","642":"chair","643":"chair","644":"chair","645":"tv","646":"person","647":"couch","648":"chair","649":"couch","650":"person","651":"chair","652":"tv","653":"chair","654":"chair","655":"tv","656":"couch","657":"chair","658":"chair","659":"couch","660":"tv","661":"person","662":"couch","663":"chair","664":"tv","665":"chair","666":"couch","667":"person","668":"chair","669":"chair","670":"person","671":"couch","672":"person","673":"couch","674":"tv","675":"person","676":"tv","677":"laptop","678":"couch","679":"tv","680":"laptop","681":"chair","682":"tv","683":"chair","684":"chair","685":"chair","686":"couch","687":"couch","688":"tv","689":"couch","690":"couch","691":"person","692":"couch","693":"couch","694":"person","695":"tv","696":"chair","697":"person","698":"couch","699":"chair","700":"person","701":"tv","702":"tv","703":"chair","704":"person","705":"couch","706":"tv","707":"tv","708":"chair","709":"couch","710":"couch","711":"couch","712":"chair","713":"person","714":"chair","715":"chair","716":"person","717":"person","718":"tv","719":"couch","720":"tv","721":"tv","722":"person","723":"person","724":"chair","725":"chair","726":"tv","727":"couch","728":"chair","729":"chair","730":"tv","731":"couch","732":"chair","733":"couch","734":"chair","735":"couch","736":"person","737":"chair","738":"chair","739":"chair","740":"tv","741":"person","742":"chair","743":"couch","744":"chair","745":"couch","746":"tv","747":"couch","748":"couch","749":"tie","750":"person","751":"chair","752":"chair","753":"tie","754":"person","755":"chair","756":"person","757":"chair","758":"couch","759":"couch","760":"couch","761":"person","762":"chair","763":"chair","764":"chair","765":"chair","766":"chair","767":"chair","768":"person","769":"chair","770":"chair","771":"chair","772":"chair","773":"couch","774":"couch","775":"couch","776":"couch","777":"tv","778":"chair","779":"couch","780":"couch","781":"chair","782":"person","783":"person","784":"person","785":"tv","786":"couch","787":"chair","788":"person","789":"couch","790":"couch","791":"couch","792":"laptop","793":"chair","794":"chair","795":"person","796":"person","797":"couch","798":"person","799":"couch","800":"chair","801":"couch","802":"chair","803":"chair","804":"person","805":"couch","806":"couch","807":"tv","808":"person","809":"person","810":"person","811":"tv","812":"person","813":"chair","814":"couch","815":"couch","816":"chair","817":"couch","818":"couch","819":"chair","820":"person","821":"tv","822":"tv","823":"tv","824":"couch","825":"tv","826":"chair","827":"laptop","828":"couch","829":"couch","830":"person","831":"laptop","832":"person","833":"chair","834":"couch","835":"chair","836":"chair","837":"chair","838":"couch","839":"couch","840":"person","841":"person","842":"couch","843":"chair","844":"chair","845":"couch","846":"person","847":"couch","848":"tv","849":"tv","850":"chair","851":"couch","852":"couch","853":"couch","854":"person","855":"tv","856":"person","857":"couch","858":"laptop","859":"person","860":"person","861":"person","862":"chair","863":"chair","864":"couch","865":"person","866":"person","867":"person","868":"chair","869":"couch","870":"chair","871":"couch","872":"couch","873":"person","874":"couch","875":"couch","876":"couch","877":"couch","878":"chair","879":"tv","880":"chair","881":"couch","882":"tv","883":"person","884":"chair","885":"couch","886":"chair","887":"couch","888":"couch","889":"couch","890":"chair","891":"chair","892":"tv","893":"tv","894":"couch","895":"person","896":"laptop","897":"couch","898":"person","899":"couch","900":"chair","901":"couch","902":"chair","903":"tv","904":"person","905":"chair","906":"chair","907":"person","908":"person","909":"chair","910":"chair","911":"couch","912":"couch","913":"person","914":"couch","915":"chair","916":"person","917":"couch","918":"tv","919":"chair","920":"chair","921":"couch","922":"couch","923":"person","924":"tv","925":"couch","926":"chair","927":"person","928":"couch","929":"tv","930":"chair","931":"couch","932":"chair","933":"person","934":"chair","935":"person","936":"chair","937":"tie","938":"person","939":"couch","940":"couch","941":"chair","942":"person","943":"tv","944":"couch","945":"chair","946":"chair","947":"person","948":"couch","949":"couch","950":"couch","951":"tv","952":"couch","953":"tv","954":"person","955":"tv","956":"tv","957":"person","958":"chair","959":"couch","960":"person","961":"tv","962":"couch","963":"couch","964":"tv","965":"chair","966":"person","967":"laptop","968":"chair","969":"person","970":"chair","971":"chair","972":"person","973":"couch","974":"chair","975":"chair","976":"couch","977":"person","978":"tv","979":"person","980":"laptop","981":"couch","982":"chair","983":"couch","984":"chair","985":"person","986":"couch","987":"couch","988":"chair","989":"chair","990":"person","991":"chair","992":"chair","993":"chair","994":"person","995":"person","996":"chair","997":"chair","998":"chair","999":"chair"},"x1":{"0":0.5062071093,"1":0.3792438759,"2":0.5135439946,"3":0.4934831852,"4":0.56302248,"5":0.6369355586,"6":0.5180371245,"7":0.5230486893,"8":0.5789954036,"9":0.3943450671,"10":0.550954924,"11":0.4291419267,"12":0.5025531291,"13":0.3973709758,"14":0.5435841471,"15":0.5120177964,"16":0.5314818603,"17":0.4217795265,"18":0.4913567974,"19":0.4936852937,"20":0.3795626158,"21":0.3953786094,"22":0.5176847904,"23":0.3522792704,"24":0.50874374,"25":0.4133337579,"26":0.5562558186,"27":0.5317682741,"28":0.5191747579,"29":0.4025061323,"30":0.3813044171,"31":0.5396652817,"32":0.4935859956,"33":0.4698258658,"34":0.5111578579,"35":0.5881329888,"36":0.4081629876,"37":0.5072525296,"38":0.3134043078,"39":0.4797672636,"40":0.4371569535,"41":0.554337231,"42":0.4696114703,"43":0.3721935261,"44":0.5452296929,"45":0.4121337968,"46":0.6277231433,"47":0.5086636947,"48":0.5773477583,"49":0.4328295847,"50":0.4581876973,"51":0.4533934075,"52":0.4682175363,"53":0.4425051272,"54":0.3762474912,"55":0.5762699683,"56":0.4640026498,"57":0.5821962175,"58":0.3943983561,"59":0.5467827883,"60":0.4617534231,"61":0.3735780502,"62":0.5307892345,"63":0.4768820725,"64":0.5063755489,"65":0.4803511414,"66":0.5009191907,"67":0.3336228031,"68":0.6224608323,"69":0.4298644874,"70":0.4523465523,"71":0.4354239577,"72":0.4842229791,"73":0.5806352603,"74":0.4870691958,"75":0.4610259784,"76":0.3966343426,"77":0.5037918186,"78":0.5232317791,"79":0.3661062404,"80":0.4492649778,"81":0.4430444091,"82":0.4851321753,"83":0.4534849439,"84":0.4591410217,"85":0.468159523,"86":0.4747641393,"87":0.4593149785,"88":0.6159394439,"89":0.5107738164,"90":0.479469174,"91":0.5180928739,"92":0.4775329954,"93":0.4463034979,"94":0.5577219443,"95":0.4125267965,"96":0.5313255366,"97":0.5289447812,"98":0.5190797952,"99":0.4415059937,"100":0.4060706959,"101":0.4886501824,"102":0.5239606115,"103":0.4601717193,"104":0.4268265747,"105":0.3785121248,"106":0.4470527057,"107":0.4445950243,"108":0.4597826453,"109":0.5451465827,"110":0.4545708643,"111":0.5225609705,"112":0.4756213661,"113":0.3367824612,"114":0.4714847057,"115":0.5078323463,"116":0.3831257797,"117":0.4907895469,"118":0.4758103526,"119":0.4587902374,"120":0.5393721938,"121":0.5017221103,"122":0.5001257399,"123":0.4624583209,"124":0.365169498,"125":0.3598372148,"126":0.525945975,"127":0.577482665,"128":0.4386817648,"129":0.4687465818,"130":0.4895688287,"131":0.453626391,"132":0.4735295655,"133":0.5268578973,"134":0.4970443988,"135":0.5136838842,"136":0.5721969533,"137":0.6211098347,"138":0.4183644528,"139":0.5147632444,"140":0.6499765635,"141":0.4330868214,"142":0.4959465003,"143":0.5831092105,"144":0.5138310347,"145":0.3887359773,"146":0.4854944605,"147":0.4038393467,"148":0.4244855855,"149":0.4969391075,"150":0.3995762065,"151":0.4081486203,"152":0.5054043551,"153":0.501372518,"154":0.5510029534,"155":0.5184103333,"156":0.5137645387,"157":0.6437635329,"158":0.455796965,"159":0.484307279,"160":0.4207713587,"161":0.5838079092,"162":0.4358286036,"163":0.3919365226,"164":0.5704020279,"165":0.5659955189,"166":0.4753392373,"167":0.433987463,"168":0.4567145916,"169":0.4968477399,"170":0.427816964,"171":0.4310605513,"172":0.3632474054,"173":0.5599330675,"174":0.4862679268,"175":0.5334260698,"176":0.5076369418,"177":0.4660109079,"178":0.4662649187,"179":0.5692420055,"180":0.5370554225,"181":0.423344307,"182":0.4379567427,"183":0.4455140199,"184":0.5237125746,"185":0.5210821278,"186":0.5468222157,"187":0.4186098651,"188":0.5917390185,"189":0.5827552297,"190":0.5079409239,"191":0.448035128,"192":0.4941546301,"193":0.50224941,"194":0.3989728932,"195":0.585239827,"196":0.5239056348,"197":0.5637299836,"198":0.4937401109,"199":0.4591664833,"200":0.4425417481,"201":0.4282056501,"202":0.4340168504,"203":0.5079001403,"204":0.430776283,"205":0.5016650707,"206":0.4970026659,"207":0.4673931039,"208":0.4789102167,"209":0.4713927212,"210":0.597708132,"211":0.5093159513,"212":0.4955821484,"213":0.458412431,"214":0.3395810365,"215":0.4964089807,"216":0.4784657563,"217":0.4103371764,"218":0.5140646142,"219":0.4540707374,"220":0.5266698215,"221":0.4978373013,"222":0.6113695157,"223":0.4782810402,"224":0.3595338631,"225":0.4956717065,"226":0.4061959876,"227":0.4470641005,"228":0.3947549171,"229":0.4505714513,"230":0.5065440109,"231":0.4870241004,"232":0.5517932896,"233":0.4485361288,"234":0.5062027593,"235":0.4371930618,"236":0.4876925351,"237":0.5654231432,"238":0.5187264406,"239":0.5164972344,"240":0.4621379883,"241":0.3066362835,"242":0.4418243232,"243":0.4062503984,"244":0.5463999229,"245":0.5049891659,"246":0.5306463389,"247":0.4532691403,"248":0.5029950987,"249":0.4745499406,"250":0.4404030523,"251":0.4073431441,"252":0.5246036333,"253":0.5106965715,"254":0.4176053673,"255":0.4846526884,"256":0.5100437876,"257":0.5395349363,"258":0.4720133061,"259":0.4556980038,"260":0.5456591423,"261":0.4471379458,"262":0.4299161052,"263":0.408351229,"264":0.4827264194,"265":0.5386799813,"266":0.5258815172,"267":0.5486769836,"268":0.3056071482,"269":0.5205994607,"270":0.5493753346,"271":0.4651989602,"272":0.5925280202,"273":0.4451618313,"274":0.4551232818,"275":0.4138969808,"276":0.5733424072,"277":0.3220509715,"278":0.5210233428,"279":0.5070069723,"280":0.472417789,"281":0.4157236377,"282":0.5357899997,"283":0.5931246344,"284":0.4597055892,"285":0.4637562468,"286":0.4738219507,"287":0.5407349542,"288":0.3896082767,"289":0.5337343743,"290":0.5077130208,"291":0.4374010688,"292":0.5576206517,"293":0.5034152613,"294":0.3588979446,"295":0.4494558907,"296":0.4663835916,"297":0.4700520727,"298":0.6280023087,"299":0.5190192916,"300":0.5206925925,"301":0.4792778462,"302":0.3559721363,"303":0.5838706516,"304":0.4358930034,"305":0.4454009656,"306":0.4260699573,"307":0.5583853321,"308":0.5046498345,"309":0.5211892026,"310":0.596328007,"311":0.4845047001,"312":0.6029868118,"313":0.4274613215,"314":0.4701216566,"315":0.4317778135,"316":0.5225120659,"317":0.412366574,"318":0.4297047255,"319":0.5503028544,"320":0.4368715084,"321":0.438304063,"322":0.5018261491,"323":0.4663553965,"324":0.4379688308,"325":0.6103083113,"326":0.4391918392,"327":0.5285594394,"328":0.476270588,"329":0.4265356264,"330":0.4762610884,"331":0.5836587881,"332":0.3951399565,"333":0.4404984959,"334":0.3160936869,"335":0.497845489,"336":0.4558525321,"337":0.5345711185,"338":0.4500138892,"339":0.5489116835,"340":0.5490769716,"341":0.5270069657,"342":0.4990211253,"343":0.5070272686,"344":0.4854638347,"345":0.5248403682,"346":0.4518763089,"347":0.4009158815,"348":0.4941619528,"349":0.4868239236,"350":0.4835761976,"351":0.401063978,"352":0.5513068049,"353":0.4003226601,"354":0.3924817594,"355":0.478985661,"356":0.5193185912,"357":0.59470468,"358":0.4920049728,"359":0.4884028112,"360":0.5183259942,"361":0.3813584481,"362":0.3941983409,"363":0.4318141102,"364":0.4030842434,"365":0.5144407108,"366":0.4213274267,"367":0.5609496639,"368":0.3738782152,"369":0.4552926701,"370":0.5313345819,"371":0.3835879841,"372":0.511059272,"373":0.5476821543,"374":0.4491153547,"375":0.5323115389,"376":0.440191222,"377":0.4577322047,"378":0.4751388444,"379":0.4109398885,"380":0.6337968096,"381":0.46872935,"382":0.4982453359,"383":0.5010948753,"384":0.5452738813,"385":0.5179784911,"386":0.4869532004,"387":0.4399292527,"388":0.4786494167,"389":0.319459682,"390":0.5339564354,"391":0.5538460774,"392":0.5476621201,"393":0.4918192791,"394":0.6206327453,"395":0.5353111201,"396":0.509709729,"397":0.4246945642,"398":0.3936227481,"399":0.3438578672,"400":0.4613775634,"401":0.5331053339,"402":0.4348102963,"403":0.4471837855,"404":0.6340267815,"405":0.5005905001,"406":0.4937333192,"407":0.3518213151,"408":0.4307618584,"409":0.4852415085,"410":0.3226361525,"411":0.4504570061,"412":0.4000795247,"413":0.3772884637,"414":0.4626857188,"415":0.4682080962,"416":0.47564249,"417":0.4730671686,"418":0.470991535,"419":0.5105806401,"420":0.4560928342,"421":0.5658605952,"422":0.4051120522,"423":0.4832484136,"424":0.4630864094,"425":0.5047684201,"426":0.5117490882,"427":0.4997660472,"428":0.4706567569,"429":0.4521687573,"430":0.4382641042,"431":0.5114485956,"432":0.6187741774,"433":0.5069942765,"434":0.5968771858,"435":0.3896204637,"436":0.4666317047,"437":0.4743945317,"438":0.5078366946,"439":0.5743520699,"440":0.6251093986,"441":0.4437236261,"442":0.5184550759,"443":0.2562524775,"444":0.4425995198,"445":0.4673515221,"446":0.5052494595,"447":0.5385270115,"448":0.3809030284,"449":0.5271155157,"450":0.4387388008,"451":0.4773962327,"452":0.5411957265,"453":0.4188220134,"454":0.5126083282,"455":0.4177680161,"456":0.3721006941,"457":0.5611821426,"458":0.5093129844,"459":0.4225359038,"460":0.4526676761,"461":0.3300109858,"462":0.5716292188,"463":0.5381825979,"464":0.4900110043,"465":0.4790265207,"466":0.5852659332,"467":0.4858331908,"468":0.594446491,"469":0.4178346703,"470":0.4370748658,"471":0.5030307995,"472":0.4332003841,"473":0.4514337004,"474":0.5392276622,"475":0.5253744039,"476":0.4612214399,"477":0.5695454236,"478":0.5218335685,"479":0.4876174837,"480":0.4939961079,"481":0.4489043598,"482":0.4882503835,"483":0.480223955,"484":0.4934713883,"485":0.5927436283,"486":0.4778720643,"487":0.4064639553,"488":0.5453849375,"489":0.6070076135,"490":0.4013873335,"491":0.5328931063,"492":0.5441290449,"493":0.4790599119,"494":0.4618314057,"495":0.4269429011,"496":0.4835585609,"497":0.4760227217,"498":0.5379332437,"499":0.4446910291,"500":0.4515517529,"501":0.3308925567,"502":0.4743833955,"503":0.3356977464,"504":0.5203593667,"505":0.659537008,"506":0.5205147705,"507":0.5188926727,"508":0.4617142081,"509":0.4469675026,"510":0.6088581387,"511":0.5959734227,"512":0.4388604531,"513":0.4822200332,"514":0.5868440839,"515":0.5171558162,"516":0.55418576,"517":0.4557888447,"518":0.5024706436,"519":0.3219630183,"520":0.5105519496,"521":0.4205610721,"522":0.361137351,"523":0.42896724,"524":0.4396502554,"525":0.5693975885,"526":0.4619123581,"527":0.4842892597,"528":0.557985772,"529":0.522373965,"530":0.5014830288,"531":0.4916185656,"532":0.4446461902,"533":0.4603033299,"534":0.3847647954,"535":0.496988644,"536":0.4222464844,"537":0.3613054255,"538":0.5081980967,"539":0.4916853039,"540":0.4210864782,"541":0.5726608055,"542":0.4511899479,"543":0.4517354357,"544":0.5923883749,"545":0.5654761725,"546":0.4338686256,"547":0.4008580092,"548":0.5198930102,"549":0.4443929688,"550":0.4680273634,"551":0.5168886843,"552":0.4431441276,"553":0.5361526996,"554":0.4281154567,"555":0.5208439357,"556":0.6409837094,"557":0.3432438682,"558":0.4523816604,"559":0.5042161351,"560":0.524878647,"561":0.4208913082,"562":0.3071492343,"563":0.4572275249,"564":0.3606925603,"565":0.5418385014,"566":0.4335256995,"567":0.5254927886,"568":0.5016539515,"569":0.4393642736,"570":0.584297966,"571":0.6129290064,"572":0.4480098989,"573":0.4637175477,"574":0.5093170333,"575":0.4691588446,"576":0.5193872236,"577":0.5100142781,"578":0.4285734794,"579":0.4640650529,"580":0.4756640837,"581":0.4097133954,"582":0.5761301185,"583":0.4886138822,"584":0.4906301822,"585":0.5653787513,"586":0.4899355703,"587":0.418781742,"588":0.5278429453,"589":0.3957601111,"590":0.4966710688,"591":0.5446223452,"592":0.424949405,"593":0.4983288984,"594":0.472682552,"595":0.466139052,"596":0.4854970918,"597":0.4817971796,"598":0.4324169326,"599":0.5424736162,"600":0.2973764279,"601":0.3507601494,"602":0.520077948,"603":0.4093179469,"604":0.2951842076,"605":0.5482576925,"606":0.451050902,"607":0.4646890313,"608":0.4952756261,"609":0.4537059728,"610":0.3307653121,"611":0.4161243157,"612":0.4683951572,"613":0.2496388306,"614":0.5268204586,"615":0.3688427294,"616":0.4285478855,"617":0.4862602588,"618":0.3683834312,"619":0.4941418424,"620":0.5563407542,"621":0.4681291877,"622":0.5373601424,"623":0.4744656509,"624":0.5233703749,"625":0.495853185,"626":0.3256617993,"627":0.5117146549,"628":0.4575092242,"629":0.5111109559,"630":0.6047450716,"631":0.5302771712,"632":0.4598166986,"633":0.4774926209,"634":0.4553365369,"635":0.5855242707,"636":0.4564682085,"637":0.5323406354,"638":0.4688150249,"639":0.5807723358,"640":0.5497863479,"641":0.4364362381,"642":0.4224308118,"643":0.5605470749,"644":0.4160815387,"645":0.4886711215,"646":0.432587029,"647":0.4452157884,"648":0.5742036851,"649":0.4338767542,"650":0.5980325386,"651":0.3333603621,"652":0.4776991996,"653":0.4182462046,"654":0.5976202718,"655":0.5371350562,"656":0.4186871442,"657":0.4703074951,"658":0.4120343,"659":0.5349674545,"660":0.496310378,"661":0.4158352156,"662":0.4638660208,"663":0.4245761518,"664":0.5426367338,"665":0.5041876928,"666":0.353068405,"667":0.5709665452,"668":0.4485404042,"669":0.4710818371,"670":0.3528672969,"671":0.3911677668,"672":0.4278081683,"673":0.3690299537,"674":0.5239194424,"675":0.4599506018,"676":0.5370445103,"677":0.4812655019,"678":0.402924675,"679":0.5400305227,"680":0.5188065299,"681":0.5220202642,"682":0.4120243619,"683":0.560232296,"684":0.580059444,"685":0.4842977754,"686":0.4625281071,"687":0.426981534,"688":0.5877383798,"689":0.5391064212,"690":0.3963086986,"691":0.42734641,"692":0.448465697,"693":0.4785072502,"694":0.4602505187,"695":0.5784966914,"696":0.4986807758,"697":0.5046186086,"698":0.5311501556,"699":0.4089937933,"700":0.4793715277,"701":0.5914690329,"702":0.5393130842,"703":0.5354611626,"704":0.4355036864,"705":0.4385824161,"706":0.5951914835,"707":0.5404707201,"708":0.505886108,"709":0.5282641568,"710":0.4234567092,"711":0.5115585243,"712":0.6332384996,"713":0.5413571709,"714":0.5121170053,"715":0.388654156,"716":0.3862146505,"717":0.4849191945,"718":0.5250453733,"719":0.4349120929,"720":0.4869018895,"721":0.5814613628,"722":0.5572836381,"723":0.5518163928,"724":0.4927841603,"725":0.4334778646,"726":0.530102415,"727":0.4501536079,"728":0.51913559,"729":0.5333108874,"730":0.4792881425,"731":0.3973026781,"732":0.4437912798,"733":0.4720004783,"734":0.5265054853,"735":0.4474370165,"736":0.4686442143,"737":0.5941404877,"738":0.524919178,"739":0.4914844129,"740":0.5769007881,"741":0.4871443051,"742":0.4835109127,"743":0.5328040576,"744":0.5301094801,"745":0.4813192081,"746":0.5746059304,"747":0.5507311287,"748":0.4782649617,"749":0.3515801363,"750":0.4096074717,"751":0.4914696663,"752":0.5110808249,"753":0.4986572209,"754":0.3882831201,"755":0.4803303623,"756":0.3913034705,"757":0.4830364443,"758":0.5110650615,"759":0.3414078946,"760":0.4950513731,"761":0.3500480384,"762":0.5798644015,"763":0.4140955273,"764":0.4535207313,"765":0.5502001177,"766":0.4557018745,"767":0.5058135024,"768":0.3012058846,"769":0.4668743254,"770":0.5098158036,"771":0.5209600055,"772":0.5415810156,"773":0.4576086826,"774":0.4484065513,"775":0.4897237638,"776":0.4128742701,"777":0.5196354039,"778":0.5855892137,"779":0.5108487871,"780":0.3831374857,"781":0.4880919369,"782":0.463563912,"783":0.3984091025,"784":0.4442221972,"785":0.6743162162,"786":0.467636331,"787":0.5156925297,"788":0.6110678565,"789":0.4209806748,"790":0.4145318455,"791":0.4802800425,"792":0.516657014,"793":0.560540261,"794":0.4848842681,"795":0.5826665551,"796":0.5619786802,"797":0.4906567862,"798":0.4053250796,"799":0.4037299141,"800":0.591973665,"801":0.4118408458,"802":0.5398431746,"803":0.432847167,"804":0.3717000001,"805":0.5172761865,"806":0.3678761495,"807":0.4988074629,"808":0.3851448345,"809":0.335276814,"810":0.5429547833,"811":0.5713863862,"812":0.5079266606,"813":0.5084532637,"814":0.4734232836,"815":0.450365563,"816":0.533834075,"817":0.4426429889,"818":0.454707473,"819":0.5169281624,"820":0.3792034933,"821":0.4973349885,"822":0.4941948919,"823":0.536031363,"824":0.5120522974,"825":0.5908214546,"826":0.4464395031,"827":0.3690911066,"828":0.5226425941,"829":0.4818091998,"830":0.498075407,"831":0.3104428271,"832":0.4426522116,"833":0.5476945703,"834":0.4700153085,"835":0.4483745243,"836":0.5674712976,"837":0.5333932669,"838":0.4578096921,"839":0.439272993,"840":0.4014074535,"841":0.5714614467,"842":0.4469021115,"843":0.4986911026,"844":0.5005854116,"845":0.4753178732,"846":0.5390305138,"847":0.4038639488,"848":0.5637607954,"849":0.5207949991,"850":0.5284065876,"851":0.4789917898,"852":0.531075575,"853":0.3977766962,"854":0.3490513501,"855":0.590821055,"856":0.5056590043,"857":0.3493102402,"858":0.5650593311,"859":0.3997552156,"860":0.4905732786,"861":0.3742531081,"862":0.5131258934,"863":0.5164934922,"864":0.4299625839,"865":0.409534766,"866":0.3732503065,"867":0.4825363069,"868":0.5721920357,"869":0.4602648298,"870":0.5078645614,"871":0.4908354695,"872":0.4529341531,"873":0.6237459655,"874":0.4301985738,"875":0.599164386,"876":0.4376731448,"877":0.4234778711,"878":0.4523540482,"879":0.531504048,"880":0.4905665528,"881":0.4877712404,"882":0.3517999869,"883":0.3536135077,"884":0.50117846,"885":0.4821138036,"886":0.5233114295,"887":0.4519646779,"888":0.4812450777,"889":0.4389354466,"890":0.45690278,"891":0.3775977204,"892":0.3163483003,"893":0.6282250871,"894":0.4827781275,"895":0.4440500012,"896":0.5182409073,"897":0.3760569758,"898":0.555396137,"899":0.4865454217,"900":0.5432854495,"901":0.4538711568,"902":0.4806224442,"903":0.6107721405,"904":0.444819658,"905":0.4875531859,"906":0.4578033876,"907":0.401540033,"908":0.4071002679,"909":0.5140668399,"910":0.4865553117,"911":0.4421268769,"912":0.4785166246,"913":0.42556532,"914":0.4486629338,"915":0.5120855085,"916":0.5696579038,"917":0.5028500777,"918":0.566078446,"919":0.4962460991,"920":0.434442595,"921":0.4746468839,"922":0.4473801532,"923":0.3872149553,"924":0.5559720302,"925":0.4595598166,"926":0.402454917,"927":0.3898223411,"928":0.4110900629,"929":0.5477973704,"930":0.492277108,"931":0.4068882808,"932":0.4798297926,"933":0.4074615686,"934":0.4643951319,"935":0.4389816831,"936":0.5367514986,"937":0.4931145395,"938":0.4090178799,"939":0.3915359821,"940":0.4861227415,"941":0.5354727745,"942":0.4529743315,"943":0.5268419606,"944":0.4862043725,"945":0.5962318527,"946":0.474008151,"947":0.4074065519,"948":0.567729144,"949":0.543495616,"950":0.4057373996,"951":0.3425741684,"952":0.4332539189,"953":0.5126577931,"954":0.3637836377,"955":0.5089406003,"956":0.5058671771,"957":0.463789063,"958":0.4903210693,"959":0.5230472998,"960":0.4411799587,"961":0.3963244418,"962":0.4365510021,"963":0.5060164004,"964":0.5092409296,"965":0.4327019388,"966":0.4727148685,"967":0.5106297291,"968":0.4928068891,"969":0.4246561927,"970":0.5660782336,"971":0.5216883802,"972":0.4029234675,"973":0.5429092792,"974":0.496108709,"975":0.5641311387,"976":0.4279297533,"977":0.6328534398,"978":0.4510678831,"979":0.5677054861,"980":0.4906560676,"981":0.521302378,"982":0.4578549236,"983":0.504608602,"984":0.5588480992,"985":0.436928651,"986":0.3409651963,"987":0.4511907839,"988":0.6033987631,"989":0.4793631311,"990":0.476592276,"991":0.4133783424,"992":0.4788131364,"993":0.5184333869,"994":0.4052172421,"995":0.4711188606,"996":0.6248066311,"997":0.5630820878,"998":0.4117836504,"999":0.4268836177},"y1":{"0":0.147905609,"1":0.1897531949,"2":0.6468412816,"3":0.0626277545,"4":0.664235607,"5":0.4541210292,"6":0.0728595613,"7":0.3273630997,"8":0.398981722,"9":0.442181477,"10":0.7112166986,"11":0.125647817,"12":0.5882388757,"13":0.1346344946,"14":0.0166147531,"15":0.5189826528,"16":0.7096479812,"17":0.1789268513,"18":0.4132777647,"19":0.649247842,"20":0.5703410069,"21":0.7112203991,"22":0.4186386358,"23":0.2889045477,"24":0.6921437303,"25":0.0702145787,"26":0.3955413022,"27":0.147022754,"28":0.1771717485,"29":0.0625581557,"30":0.1477535257,"31":0.0601781036,"32":0.3093984225,"33":0.6663243429,"34":0.0605205304,"35":0.6088092782,"36":0.0638948259,"37":0.6802715654,"38":0.0197930575,"39":0.3147593589,"40":0.0862877598,"41":0.7066416126,"42":0.5498614183,"43":0.0749192021,"44":0.542430918,"45":0.7111342689,"46":0.0616597431,"47":0.2115084914,"48":0.3339285586,"49":0.6007332116,"50":0.2627868381,"51":0.0640248665,"52":0.0384654546,"53":0.6865280687,"54":0.4753419277,"55":0.7112205028,"56":0.1336049238,"57":0.2745374219,"58":0.2140980196,"59":0.7060550753,"60":0.7104503682,"61":0.0436219576,"62":0.4653253426,"63":0.3439278319,"64":0.0378557453,"65":0.0186161993,"66":0.4805642517,"67":0.0224587778,"68":0.1186311929,"69":0.7023617599,"70":0.3715347768,"71":0.6605108698,"72":0.2383584707,"73":0.6990728897,"74":0.3012227462,"75":0.5432004605,"76":0.0042382862,"77":0.0216164359,"78":0.0084529757,"79":0.6937079232,"80":0.0399223855,"81":0.7082259189,"82":0.4286836503,"83":0.4932591418,"84":0.3214514604,"85":0.0645941574,"86":0.7111578792,"87":0.7107227018,"88":0.0944705546,"89":0.1819644424,"90":0.073627838,"91":0.1437303547,"92":0.0923006719,"93":0.0755939489,"94":0.1039799986,"95":0.0096738072,"96":0.6673896618,"97":0.6657377507,"98":0.7112201351,"99":0.7104531089,"100":0.7047944212,"101":0.0101156366,"102":0.6776359621,"103":0.6985434542,"104":0.2878379595,"105":0.0131527932,"106":0.1338156244,"107":0.3604889037,"108":0.022605951,"109":0.090346863,"110":0.0011544918,"111":0.1984098512,"112":0.4746579466,"113":0.003761606,"114":0.7101564544,"115":0.6751804891,"116":0.2205357728,"117":0.707784409,"118":0.0212582716,"119":0.2894857328,"120":0.1284104805,"121":0.0237503271,"122":0.1434444617,"123":0.4516497486,"124":0.0401806126,"125":0.1266747907,"126":0.1154982206,"127":0.1314543501,"128":0.0202068541,"129":0.6244987085,"130":0.344237721,"131":0.7105397985,"132":0.4141336286,"133":0.6752394995,"134":0.0332420082,"135":0.0479289187,"136":0.6819197935,"137":0.4958521648,"138":0.1457517301,"139":0.3318564236,"140":0.0019252539,"141":0.0211043885,"142":0.6197162495,"143":0.1656559939,"144":0.0558441603,"145":0.0276058446,"146":0.3569245883,"147":0.0505575232,"148":0.1036591015,"149":0.6120797752,"150":0.3619467944,"151":0.0979026911,"152":0.0738683535,"153":0.1854267886,"154":0.5985443087,"155":0.0090035175,"156":0.0497894127,"157":0.3361719563,"158":0.1629344754,"159":0.4425121735,"160":0.3613945972,"161":0.0439192257,"162":0.022169864,"163":0.063892096,"164":0.0514876511,"165":0.0506154887,"166":0.350013038,"167":0.5193928863,"168":0.0395960945,"169":0.7111125171,"170":0.0921415854,"171":0.5059214395,"172":0.1758912058,"173":0.7111472097,"174":0.023214827,"175":0.6983228806,"176":0.6423806564,"177":0.0833959439,"178":0.3398906891,"179":0.033654748,"180":0.3130767432,"181":0.7083126072,"182":0.7112191048,"183":0.6949772444,"184":0.7095808459,"185":0.0025821621,"186":0.360841572,"187":0.0380954835,"188":0.3974379395,"189":0.6906639447,"190":0.5910202132,"191":0.1103363858,"192":0.4495415051,"193":0.1949659103,"194":0.6677415154,"195":0.2582551546,"196":0.1031480127,"197":0.6973712622,"198":0.6811826341,"199":0.1328240895,"200":0.0086509369,"201":0.1595305279,"202":0.1049897578,"203":0.3321825392,"204":0.0156313787,"205":0.0638297465,"206":0.1966453755,"207":0.2770829591,"208":0.1197190741,"209":0.5536211688,"210":0.6276929989,"211":0.4573961871,"212":0.6728611035,"213":0.3475142114,"214":0.0135943245,"215":0.705163235,"216":0.1223558907,"217":0.7111835562,"218":0.0025683232,"219":0.0897512896,"220":0.2114044135,"221":0.0914435459,"222":0.7109767911,"223":0.1118066152,"224":0.205584397,"225":0.1829594566,"226":0.7097833236,"227":0.0602565439,"228":0.6968268442,"229":0.7111835284,"230":0.688736728,"231":0.5951311521,"232":0.0084862624,"233":0.0016233835,"234":0.5949859583,"235":0.4883732571,"236":0.6506354841,"237":0.1009630353,"238":0.6164191997,"239":0.4130460555,"240":0.0141015814,"241":0.0418575545,"242":0.0042215328,"243":0.7112204913,"244":0.255199968,"245":0.7111730231,"246":0.0569112374,"247":0.0526626058,"248":0.7100695429,"249":0.443707371,"250":0.3266937849,"251":0.1903231807,"252":0.0404125904,"253":0.014355629,"254":0.0056515022,"255":0.6626799721,"256":0.6654821479,"257":0.3588381486,"258":0.1257200121,"259":0.5925680727,"260":0.2138595379,"261":0.0355477038,"262":0.7112203749,"263":0.1831642547,"264":0.4987433992,"265":0.1899244108,"266":0.4163867507,"267":0.4139072721,"268":0.7109651589,"269":0.0728609888,"270":0.0015883109,"271":0.2810065689,"272":0.0373539035,"273":0.5043758875,"274":0.6616971071,"275":0.0246574788,"276":0.711204013,"277":0.205091006,"278":0.1432142204,"279":0.7097978233,"280":0.0035966843,"281":0.7094100387,"282":0.0197894394,"283":0.51509292,"284":0.6464733534,"285":0.1115242396,"286":0.5940074148,"287":0.5028446273,"288":0.0387290996,"289":0.0816581027,"290":0.34431512,"291":0.7063136101,"292":0.3943151009,"293":0.689843916,"294":0.258618119,"295":0.0951100819,"296":0.1170055648,"297":0.4995079725,"298":0.5985937004,"299":0.5083563971,"300":0.0672385462,"301":0.7111679233,"302":0.0923328378,"303":0.2148750075,"304":0.2333968097,"305":0.1027243956,"306":0.6776069152,"307":0.3848130808,"308":0.5832918872,"309":0.1527530212,"310":0.7066000757,"311":0.1578473155,"312":0.0709399083,"313":0.0586654249,"314":0.1966885081,"315":0.51820649,"316":0.7112204408,"317":0.1602365813,"318":0.7051163496,"319":0.1849902022,"320":0.5883521221,"321":0.0419663866,"322":0.7107277216,"323":0.4469824731,"324":0.2897999073,"325":0.0515988638,"326":0.1955545799,"327":0.7097712925,"328":0.2716006935,"329":0.2308201693,"330":0.3417016832,"331":0.0014554455,"332":0.1651266894,"333":0.0529160922,"334":0.2134803518,"335":0.0135251047,"336":0.5838583684,"337":0.0600784377,"338":0.615854764,"339":0.0189291468,"340":0.7112001006,"341":0.7111698835,"342":0.7110173056,"343":0.7109884706,"344":0.0156292371,"345":0.5629229494,"346":0.0185460439,"347":0.4496840039,"348":0.5764744694,"349":0.6797502623,"350":0.2191841559,"351":0.67670521,"352":0.3361643278,"353":0.117339164,"354":0.0408702206,"355":0.2370242256,"356":0.5745091437,"357":0.3529692849,"358":0.691927905,"359":0.6445217162,"360":0.114119225,"361":0.0016476392,"362":0.217561349,"363":0.0381528702,"364":0.0316529108,"365":0.3901633912,"366":0.0333724658,"367":0.1407001932,"368":0.1379548596,"369":0.0383103511,"370":0.4500394571,"371":0.3053071767,"372":0.1836043136,"373":0.0389667695,"374":0.104558864,"375":0.000621422,"376":0.7059752056,"377":0.6616568345,"378":0.1284337309,"379":0.7112187308,"380":0.0030693034,"381":0.6789911785,"382":0.7112204954,"383":0.2245021614,"384":0.1652622225,"385":0.3583610741,"386":0.6125582187,"387":0.7112196896,"388":0.4906681411,"389":0.7112195606,"390":0.6504612182,"391":0.4868953066,"392":0.1894243999,"393":0.6565420174,"394":0.3198621794,"395":0.2368905369,"396":0.0775040079,"397":0.037473236,"398":0.7112194644,"399":0.2240814057,"400":0.4917809237,"401":0.6751535625,"402":0.0306496385,"403":0.1489071117,"404":0.1686078871,"405":0.0954668077,"406":0.7069751685,"407":0.2197178711,"408":0.2688656149,"409":0.193305557,"410":0.0723128637,"411":0.0189805326,"412":0.7038434741,"413":0.4418543848,"414":0.3104454105,"415":0.2638942996,"416":0.4705206554,"417":0.3800912762,"418":0.3058412106,"419":0.7086486898,"420":0.089121659,"421":0.0145594301,"422":0.0012880343,"423":0.0462356704,"424":0.002589282,"425":0.066803425,"426":0.1230980094,"427":0.6776450118,"428":0.167192842,"429":0.0977357158,"430":0.032588767,"431":0.293326925,"432":0.0135979628,"433":0.7111360363,"434":0.6724008113,"435":0.0278482108,"436":0.7097091398,"437":0.4299159271,"438":0.2262115386,"439":0.3680182538,"440":0.4366523313,"441":0.5051696823,"442":0.04623674,"443":0.0260851089,"444":0.0767173388,"445":0.6466522504,"446":0.0107645992,"447":0.2862433044,"448":0.0299492225,"449":0.3023836338,"450":0.013131808,"451":0.1042449552,"452":0.6602410403,"453":0.1707634042,"454":0.5900811613,"455":0.6019087387,"456":0.1010832989,"457":0.0201380851,"458":0.0609853076,"459":0.7036383386,"460":0.0190114447,"461":0.1238068452,"462":0.4340006218,"463":0.163793957,"464":0.018037497,"465":0.1309695041,"466":0.1495888232,"467":0.0037092536,"468":0.7014974999,"469":0.2981070216,"470":0.1542731267,"471":0.4260684388,"472":0.6954457521,"473":0.7098385291,"474":0.0602394561,"475":0.6463344127,"476":0.1714692526,"477":0.2862508373,"478":0.6934891254,"479":0.0671594171,"480":0.0112494732,"481":0.4288991469,"482":0.0255457418,"483":0.3805487953,"484":0.0216531815,"485":0.0051719692,"486":0.2579722174,"487":0.0172577635,"488":0.0946738473,"489":0.681563886,"490":0.5487070046,"491":0.2033751971,"492":0.6637990999,"493":0.4210311938,"494":0.4835574411,"495":0.6837320233,"496":0.5355986028,"497":0.061976053,"498":0.7079558165,"499":0.467683805,"500":0.0565797191,"501":0.0306843596,"502":0.6747695663,"503":0.0445479773,"504":0.4266292916,"505":0.7109127442,"506":0.3911761666,"507":0.704730058,"508":0.483448975,"509":0.1691134423,"510":0.3843360557,"511":0.0867427465,"512":0.7111736611,"513":0.7112203453,"514":0.0253237422,"515":0.4064330578,"516":0.4088510421,"517":0.0550053615,"518":0.4464392501,"519":0.2028759348,"520":0.7034545861,"521":0.405231988,"522":0.6693084154,"523":0.0062390092,"524":0.4164912963,"525":0.5759386851,"526":0.1851608466,"527":0.0407176989,"528":0.3951048014,"529":0.2022502452,"530":0.008203402,"531":0.1501858167,"532":0.0152980011,"533":0.0471722648,"534":0.387162425,"535":0.4221864238,"536":0.6722279754,"537":0.0966696296,"538":0.0008553828,"539":0.5054040306,"540":0.0064123497,"541":0.1709968356,"542":0.1095207232,"543":0.6824222174,"544":0.0268199967,"545":0.0146214274,"546":0.1195988584,"547":0.1756386705,"548":0.0324173749,"549":0.711211667,"550":0.0265904979,"551":0.0172008988,"552":0.7097935417,"553":0.7109011697,"554":0.0369807988,"555":0.3716359958,"556":0.0227616131,"557":0.6014119709,"558":0.0042591277,"559":0.6797087784,"560":0.0991012219,"561":0.015108338,"562":0.0910952728,"563":0.2227905355,"564":0.0212740765,"565":0.5149314832,"566":0.1473801164,"567":0.0096875441,"568":0.0401697185,"569":0.3341419816,"570":0.0672015792,"571":0.0965697771,"572":0.6026678929,"573":0.048981528,"574":0.7069768203,"575":0.0305782902,"576":0.2515484638,"577":0.6958231262,"578":0.618934472,"579":0.0174029804,"580":0.1708098772,"581":0.0050419484,"582":0.1356644953,"583":0.6935681842,"584":0.711004694,"585":0.1315311361,"586":0.0148698847,"587":0.0509440059,"588":0.3848976392,"589":0.1531641833,"590":0.7112204874,"591":0.3826206827,"592":0.0015425481,"593":0.7112205028,"594":0.0013867007,"595":0.0926743447,"596":0.7082064085,"597":0.0949041992,"598":0.6861964287,"599":0.4802485265,"600":0.682702597,"601":0.7112205029,"602":0.097133863,"603":0.0135128475,"604":0.2573200862,"605":0.5902332413,"606":0.0290585181,"607":0.3335990954,"608":0.6885029632,"609":0.4081051128,"610":0.708620105,"611":0.0366002578,"612":0.699622334,"613":0.1351863688,"614":0.0022904764,"615":0.5157918128,"616":0.5272333049,"617":0.7108303478,"618":0.2096580997,"619":0.7111176345,"620":0.5141894,"621":0.7111573493,"622":0.7110874683,"623":0.0259381419,"624":0.6926480143,"625":0.4653280357,"626":0.2937336497,"627":0.0183883621,"628":0.7111570069,"629":0.0911099679,"630":0.1133048764,"631":0.479133211,"632":0.7053912908,"633":0.0201458871,"634":0.415940676,"635":0.7020526533,"636":0.0161140237,"637":0.5564380069,"638":0.7112076939,"639":0.2857847405,"640":0.6540155429,"641":0.2339376188,"642":0.7111888019,"643":0.0973894026,"644":0.7055386836,"645":0.6798302796,"646":0.2496253655,"647":0.5105683176,"648":0.5636095056,"649":0.0658235845,"650":0.5397315314,"651":0.0028076863,"652":0.7100927175,"653":0.3358699701,"654":0.2055085031,"655":0.7111402978,"656":0.0242030488,"657":0.6389044325,"658":0.7112180253,"659":0.2793611337,"660":0.7110303724,"661":0.1376081148,"662":0.0477468418,"663":0.294994941,"664":0.7107277325,"665":0.7109688099,"666":0.370615659,"667":0.7112167696,"668":0.6837607095,"669":0.4735143337,"670":0.0978930567,"671":0.0027446348,"672":0.3312148853,"673":0.0305867122,"674":0.0286315557,"675":0.0245410451,"676":0.3018336251,"677":0.7112204942,"678":0.0725350026,"679":0.6292779788,"680":0.672028223,"681":0.5062287826,"682":0.5964856823,"683":0.4994047881,"684":0.6530794182,"685":0.6493829523,"686":0.0058843908,"687":0.1834681233,"688":0.2345019944,"689":0.0136585937,"690":0.2024410077,"691":0.0246139914,"692":0.0546279279,"693":0.0694639749,"694":0.6982405822,"695":0.4900608267,"696":0.617784161,"697":0.7112205027,"698":0.0373828361,"699":0.6483576682,"700":0.1667445357,"701":0.6782349402,"702":0.6214483702,"703":0.0161715352,"704":0.0132883225,"705":0.6857147872,"706":0.1663507827,"707":0.3822583314,"708":0.5195964838,"709":0.1671589334,"710":0.0259167026,"711":0.010192574,"712":0.065137289,"713":0.7100055984,"714":0.6329440668,"715":0.7108692271,"716":0.0599429825,"717":0.710880593,"718":0.0974342394,"719":0.1292339349,"720":0.0354909667,"721":0.0091086642,"722":0.0581485847,"723":0.7029629763,"724":0.5148530232,"725":0.707504753,"726":0.0302771731,"727":0.0042664183,"728":0.0337284053,"729":0.6358823972,"730":0.7066202018,"731":0.0019373522,"732":0.7033694343,"733":0.0086486189,"734":0.318705953,"735":0.2233256783,"736":0.070843246,"737":0.057637696,"738":0.0371871866,"739":0.0226604126,"740":0.1720562503,"741":0.1213435661,"742":0.7070916249,"743":0.0509771668,"744":0.243422316,"745":0.0768073444,"746":0.6691920192,"747":0.6581702198,"748":0.4030158827,"749":0.0520105558,"750":0.1718219682,"751":0.2369366298,"752":0.6991320917,"753":0.5658243938,"754":0.0054947351,"755":0.1135647938,"756":0.0104733711,"757":0.5512631894,"758":0.0714447738,"759":0.1100789577,"760":0.0877714978,"761":0.0517071874,"762":0.600315873,"763":0.7025886076,"764":0.6929853041,"765":0.0095713895,"766":0.1032673847,"767":0.6747442719,"768":0.0066633345,"769":0.5696406666,"770":0.6978903651,"771":0.3392517931,"772":0.0749079617,"773":0.1598212777,"774":0.2228369341,"775":0.1929062345,"776":0.6846231945,"777":0.5654023745,"778":0.0566031062,"779":0.1023003947,"780":0.7112201649,"781":0.0165557372,"782":0.0012443308,"783":0.0232708716,"784":0.1080366616,"785":0.1730678694,"786":0.077102693,"787":0.2418964066,"788":0.6627871028,"789":0.1618576355,"790":0.3816513088,"791":0.5291993432,"792":0.6905969293,"793":0.7022435168,"794":0.7079257012,"795":0.502178945,"796":0.710890519,"797":0.0361631987,"798":0.0025842981,"799":0.0821623009,"800":0.3016627401,"801":0.2494833933,"802":0.7001353937,"803":0.4672560241,"804":0.1642514635,"805":0.0200853395,"806":0.6566411308,"807":0.6552991274,"808":0.1595732152,"809":0.1937924907,"810":0.6190944854,"811":0.0055565392,"812":0.70887696,"813":0.0774243579,"814":0.0712234136,"815":0.4466343643,"816":0.7007918605,"817":0.585872726,"818":0.0848811484,"819":0.430663956,"820":0.0151990971,"821":0.7111635607,"822":0.2895279733,"823":0.7112139755,"824":0.0046717692,"825":0.6414877833,"826":0.6852478285,"827":0.0030245356,"828":0.4825256966,"829":0.0267693927,"830":0.0069799417,"831":0.0442384469,"832":0.2041554472,"833":0.6621369966,"834":0.6609618556,"835":0.6847937669,"836":0.1613015969,"837":0.1007001548,"838":0.1585949082,"839":0.0147147522,"840":0.0078575935,"841":0.7109991791,"842":0.0073071257,"843":0.2161758659,"844":0.6015076705,"845":0.0020023717,"846":0.0028133074,"847":0.1826752653,"848":0.1412462506,"849":0.5213184228,"850":0.1463395694,"851":0.0247586519,"852":0.0658812184,"853":0.1112677427,"854":0.0064251899,"855":0.5642236213,"856":0.0005110571,"857":0.3511607884,"858":0.0667124744,"859":0.014921918,"860":0.7111882482,"861":0.0260823909,"862":0.1399113373,"863":0.6933043399,"864":0.5922481727,"865":0.1322244692,"866":0.1235063434,"867":0.0876041609,"868":0.0073070009,"869":0.3799311256,"870":0.144205606,"871":0.1594070889,"872":0.0375404641,"873":0.652563827,"874":0.5282312794,"875":0.0126499305,"876":0.6696596658,"877":0.7013853746,"878":0.7103018916,"879":0.4445749942,"880":0.568915827,"881":0.60974762,"882":0.1067608004,"883":0.0222819874,"884":0.6816301626,"885":0.0215574356,"886":0.0718488742,"887":0.5899055229,"888":0.096790246,"889":0.2768894872,"890":0.5857305702,"891":0.7111880509,"892":0.0320492556,"893":0.0890939208,"894":0.7026821607,"895":0.2079806361,"896":0.0902036956,"897":0.6326220423,"898":0.1844846876,"899":0.5527265533,"900":0.5622452629,"901":0.6822499113,"902":0.0218280011,"903":0.4467579964,"904":0.0042126535,"905":0.0062592642,"906":0.69798827,"907":0.0792042618,"908":0.0092461633,"909":0.541304096,"910":0.1171126625,"911":0.0804155501,"912":0.0068513181,"913":0.0894143669,"914":0.0946364108,"915":0.5336108726,"916":0.5618250283,"917":0.1245059672,"918":0.6842934984,"919":0.652574155,"920":0.7072317069,"921":0.0015951341,"922":0.1733166256,"923":0.1367931784,"924":0.1377772842,"925":0.0073798227,"926":0.7063623457,"927":0.2629642456,"928":0.5349529664,"929":0.4452930383,"930":0.509792937,"931":0.4554341774,"932":0.1636671383,"933":0.076630326,"934":0.5675901559,"935":0.0050246002,"936":0.6427767172,"937":0.7112176929,"938":0.1825557598,"939":0.206671803,"940":0.24141148,"941":0.3499487418,"942":0.056642145,"943":0.6392684279,"944":0.4883233884,"945":0.0034424668,"946":0.2073828674,"947":0.0224728271,"948":0.0021777519,"949":0.0695666478,"950":0.0970592154,"951":0.0460744018,"952":0.2122390815,"953":0.647875323,"954":0.1419776233,"955":0.7076284144,"956":0.6270949078,"957":0.7112205021,"958":0.2931959702,"959":0.0139572294,"960":0.0126347896,"961":0.7110976935,"962":0.270370097,"963":0.0827283378,"964":0.2842411387,"965":0.4489010245,"966":0.0102533608,"967":0.7042054149,"968":0.504900964,"969":0.0344559942,"970":0.7023147131,"971":0.0799755166,"972":0.0077147787,"973":0.0284048994,"974":0.5980014695,"975":0.0852213807,"976":0.6341491385,"977":0.7101900335,"978":0.7104512706,"979":0.7097765341,"980":0.7068713962,"981":0.0185979205,"982":0.0893408871,"983":0.0895867658,"984":0.4991518623,"985":0.167436097,"986":0.622434958,"987":0.1246645965,"988":0.0270189763,"989":0.0152281909,"990":0.7079217332,"991":0.6158783313,"992":0.2865372627,"993":0.0825422447,"994":0.0462777793,"995":0.0007593761,"996":0.4707886141,"997":0.004538956,"998":0.4062328408,"999":0.6898443981},"x2":{"0":0.6489378799,"1":0.6369525639,"2":0.6220653277,"3":0.629555299,"4":0.8087663013,"5":0.7152835804,"6":0.6472010357,"7":0.6208314031,"8":0.6365681655,"9":0.6154376065,"10":0.9337039437,"11":0.6639074408,"12":0.6257433882,"13":0.972894165,"14":0.8093233578,"15":0.7291145482,"16":0.6205093254,"17":0.7924584081,"18":0.7221199103,"19":0.6653234227,"20":0.6180621184,"21":0.6745587788,"22":0.7751615738,"23":0.7594672965,"24":0.6852656418,"25":0.6374154443,"26":0.6895903907,"27":0.7312483922,"28":0.70322497,"29":0.7576022308,"30":0.6230381644,"31":0.6592740869,"32":0.7891165094,"33":0.6232245099,"34":0.7066398963,"35":0.7061405985,"36":0.6164571041,"37":0.6307867571,"38":0.6933788462,"39":0.6676878322,"40":0.703359994,"41":0.7717793476,"42":0.6748809249,"43":0.6503433963,"44":0.6891309406,"45":0.7183928805,"46":0.6297296248,"47":0.6641870026,"48":0.7290204636,"49":0.6234878761,"50":0.6330601604,"51":0.6777635899,"52":0.7560166956,"53":0.6153988957,"54":0.647523603,"55":0.7135803758,"56":0.6698783285,"57":0.6598998525,"58":0.6327189437,"59":0.7926198771,"60":0.639899047,"61":0.6648285095,"62":0.6222351726,"63":0.7108272684,"64":0.6720141721,"65":0.6252438789,"66":0.676032594,"67":0.6278548401,"68":0.6835388945,"69":0.6576803928,"70":0.8209848992,"71":0.66037046,"72":0.7128427999,"73":0.8841247462,"74":0.6371166373,"75":0.6591692134,"76":0.8293283973,"77":0.7192851933,"78":0.6165351548,"79":0.7953836307,"80":0.6686185485,"81":0.6269737916,"82":0.6309101755,"83":0.6179154979,"84":0.6187736667,"85":0.6483101564,"86":0.6891486597,"87":0.6180971741,"88":0.686080539,"89":0.8413524117,"90":0.8021249324,"91":0.8223320271,"92":0.6587677981,"93":0.9698568043,"94":0.6217449502,"95":0.6257630272,"96":0.8478607384,"97":0.6608188128,"98":0.9169615773,"99":0.9140685791,"100":0.6836191129,"101":0.7896266145,"102":0.7622065058,"103":0.8050198016,"104":0.6159792643,"105":0.6761709823,"106":0.7253984369,"107":0.6204734047,"108":0.6635765882,"109":0.6794603599,"110":0.6368701248,"111":0.6180485058,"112":0.6944992515,"113":0.6158613329,"114":0.9873392588,"115":0.7052732761,"116":0.6439875391,"117":0.6254367774,"118":0.8039628823,"119":0.6691758885,"120":0.8396528805,"121":0.8274775332,"122":0.715766646,"123":0.66012541,"124":0.6911268435,"125":0.6862264452,"126":0.6431718629,"127":0.6177698589,"128":0.642935951,"129":0.7079474619,"130":0.7263026031,"131":0.8328393149,"132":0.6324432493,"133":0.6178701371,"134":0.9047415331,"135":0.6723932514,"136":0.6912120833,"137":0.6973242169,"138":0.6155121707,"139":0.6824745171,"140":0.7236572924,"141":0.6623021579,"142":0.6237059432,"143":0.6795409589,"144":0.6335952526,"145":0.6637490919,"146":0.6247839865,"147":0.6363752181,"148":0.62378006,"149":0.6660975179,"150":0.6172970415,"151":0.6158839294,"152":0.6168404283,"153":0.7236646445,"154":0.7527029122,"155":0.788177545,"156":0.6325926299,"157":0.7115758986,"158":0.61552125,"159":0.6899554973,"160":0.6181312062,"161":0.8044504001,"162":0.6526196135,"163":0.6184608126,"164":0.65006018,"165":0.6885957903,"166":0.6641274755,"167":0.6164513848,"168":0.618453355,"169":0.6257435091,"170":0.6299144721,"171":0.6962418372,"172":0.6154389527,"173":0.7651343416,"174":0.8895657004,"175":0.9533874832,"176":0.6174047458,"177":0.6657581568,"178":0.9498097791,"179":0.6255445366,"180":0.6241579473,"181":0.6564628691,"182":0.6508535474,"183":0.6655239712,"184":0.6279736783,"185":0.6362729086,"186":0.619542263,"187":0.6179645513,"188":0.6458631917,"189":0.7642815031,"190":0.9344772206,"191":0.6974583588,"192":0.6172185859,"193":0.6747607132,"194":0.626090259,"195":0.7947011602,"196":0.7584865892,"197":0.6307802397,"198":0.6705528551,"199":0.643079589,"200":0.6249843679,"201":0.6302248953,"202":0.6259670152,"203":0.8874542404,"204":0.8650708402,"205":0.6993701641,"206":0.6423713253,"207":0.635295079,"208":0.6269788682,"209":0.6272693816,"210":0.6781870916,"211":0.6324511872,"212":0.6974783969,"213":0.6701174838,"214":0.7518412895,"215":0.8570007188,"216":0.6188545737,"217":0.6518237995,"218":0.6676598958,"219":0.8249117016,"220":0.6326027456,"221":0.705160785,"222":0.639536892,"223":0.6700481885,"224":0.6375897346,"225":0.6282837668,"226":0.6466029671,"227":0.7805851581,"228":0.6518513926,"229":0.6308445581,"230":0.6614344153,"231":0.8536975305,"232":0.6834459531,"233":0.6166477849,"234":0.6292716547,"235":0.6948605773,"236":0.6768199832,"237":0.9735921291,"238":0.6873041152,"239":0.6708541397,"240":0.658657673,"241":0.6174136744,"242":0.6576347908,"243":0.6153509992,"244":0.6622663696,"245":0.6427453986,"246":0.63057299,"247":0.7080454591,"248":0.8636951022,"249":0.6159627667,"250":0.6448107355,"251":0.6384053332,"252":0.6233036213,"253":0.6370951093,"254":0.6153800116,"255":0.6724948489,"256":0.7093475672,"257":0.7032407106,"258":0.7036327005,"259":0.6154746216,"260":0.6807217853,"261":0.8295074674,"262":0.6159008357,"263":0.730600135,"264":0.7726732075,"265":0.6319017781,"266":0.6604789224,"267":0.9041976664,"268":0.7093474332,"269":0.6614532668,"270":0.8647809085,"271":0.6267292843,"272":0.8000397063,"273":0.6478743463,"274":0.6472417941,"275":0.6408259417,"276":0.8371266676,"277":0.6184470529,"278":0.7542814217,"279":0.707441111,"280":0.6224500672,"281":0.639786141,"282":0.6223341495,"283":0.6727098573,"284":0.6858953069,"285":0.72477706,"286":0.6505071443,"287":0.6304702729,"288":0.6599207635,"289":0.6317925787,"290":0.6162429335,"291":0.659725265,"292":0.6978183635,"293":0.6435370974,"294":0.6163355553,"295":0.6174104017,"296":0.8422185853,"297":0.6308575367,"298":0.6330194373,"299":0.6351321819,"300":0.8064851443,"301":0.6997944325,"302":0.7054308643,"303":0.6173293161,"304":0.6331951749,"305":0.6895998045,"306":0.6389491804,"307":0.6468318943,"308":0.9009264509,"309":0.6157718886,"310":0.631470504,"311":0.6153573902,"312":0.6240520483,"313":0.6219011356,"314":0.6308053627,"315":0.7118954997,"316":0.6437094956,"317":0.6392478609,"318":0.6157225348,"319":0.6980486597,"320":0.6167680178,"321":0.6454317111,"322":0.6514670685,"323":0.6563248098,"324":0.7143756287,"325":0.6727559975,"326":0.7966364847,"327":0.6164573619,"328":0.6611002929,"329":0.6640882793,"330":0.7128936857,"331":0.7524208637,"332":0.7179906132,"333":0.6574167904,"334":0.649031906,"335":0.638824777,"336":0.7229740741,"337":0.9359613017,"338":0.6168730008,"339":0.6191754654,"340":0.9114235627,"341":0.6755238895,"342":0.6177215089,"343":0.6647566648,"344":0.6984369102,"345":0.6538528272,"346":0.6784486542,"347":0.630508808,"348":0.6939711458,"349":0.6598587165,"350":0.7066015414,"351":0.6323687598,"352":0.6176620802,"353":0.6910784139,"354":0.6184539166,"355":0.7178579416,"356":0.6546602843,"357":0.6335573481,"358":0.6476086036,"359":0.6597532333,"360":0.7131069172,"361":0.842521027,"362":0.6893893845,"363":0.6360419102,"364":0.6539287587,"365":0.6457770282,"366":0.6309121874,"367":0.9295890099,"368":0.6279629674,"369":0.809100456,"370":0.7347421318,"371":0.6181775599,"372":0.7351625097,"373":0.6417454453,"374":0.6342095357,"375":0.6207538617,"376":0.615857563,"377":0.7012512494,"378":0.7696251369,"379":0.6203895836,"380":0.7895100001,"381":0.6606214219,"382":0.6600316693,"383":0.6345840557,"384":0.6292233892,"385":0.6721137364,"386":0.7046765162,"387":0.6884488845,"388":0.6224005359,"389":0.6209856191,"390":0.6483663595,"391":0.8206032087,"392":0.6190995876,"393":0.6510719388,"394":0.6485255825,"395":0.6525711515,"396":0.6666297701,"397":0.6202874759,"398":0.6158226377,"399":0.619154615,"400":0.7634876258,"401":0.7300291306,"402":0.6492770779,"403":0.615704553,"404":0.6647783919,"405":0.7424260225,"406":0.6383543911,"407":0.6666960472,"408":0.6657355425,"409":0.6397298059,"410":0.6517628743,"411":0.6195633138,"412":0.6173802237,"413":0.6264991041,"414":0.6859963925,"415":0.6954606874,"416":0.6478818127,"417":0.67573183,"418":0.6575715096,"419":0.6586616468,"420":0.643607738,"421":0.6828995928,"422":0.6625471227,"423":0.6268425552,"424":0.6213570997,"425":0.639725345,"426":0.6647067966,"427":0.6434262177,"428":0.6161804137,"429":0.6225633976,"430":0.9377355286,"431":0.7876808191,"432":0.6400130098,"433":0.8845490026,"434":0.6870070792,"435":0.6565970853,"436":0.666801238,"437":0.6896172894,"438":0.6667745763,"439":0.7140700461,"440":0.6620666858,"441":0.6384123048,"442":0.6342628944,"443":0.6162635534,"444":0.9296210636,"445":0.6583407992,"446":0.6624965388,"447":0.6787847007,"448":0.6514861241,"449":0.6330413572,"450":0.629826544,"451":0.6170894827,"452":0.6733972306,"453":0.7702479319,"454":0.9358835769,"455":0.6261103302,"456":0.6234844279,"457":0.6801342782,"458":0.6589894355,"459":0.693213917,"460":0.6555013231,"461":0.7685457077,"462":0.6193978727,"463":0.6364817789,"464":0.6184990182,"465":0.621624661,"466":0.670044835,"467":0.6259522095,"468":0.6169937044,"469":0.6219360911,"470":0.7373154115,"471":0.9106676771,"472":0.8811601318,"473":0.6932926278,"474":0.8148956978,"475":0.8000240754,"476":0.6454038735,"477":0.6309210323,"478":0.6436753519,"479":0.6751760354,"480":0.6665171775,"481":0.6728776946,"482":0.7159169604,"483":0.6154076978,"484":0.6434462289,"485":0.7499992197,"486":0.6889009477,"487":0.617990099,"488":0.6891769019,"489":0.8316714094,"490":0.6213644236,"491":0.6241927315,"492":0.6168109257,"493":0.6967974142,"494":0.7873294337,"495":0.616928799,"496":0.7329845292,"497":0.6311584271,"498":0.7454060748,"499":0.6202283935,"500":0.6328366874,"501":0.6292208218,"502":0.6416301991,"503":0.6860245116,"504":0.7131841826,"505":0.9225288964,"506":0.6242509249,"507":0.7596832334,"508":0.8305483915,"509":0.6832836509,"510":0.639275148,"511":0.6932977924,"512":0.6165170671,"513":0.6293079837,"514":0.7451232617,"515":0.6325950385,"516":0.6686187497,"517":0.6158653648,"518":0.7807961258,"519":0.616953477,"520":0.6394437766,"521":0.7573615397,"522":0.6886235056,"523":0.8335711149,"524":0.9449921863,"525":0.6237075606,"526":0.6167188285,"527":0.6218912156,"528":0.6692856146,"529":0.6201807296,"530":0.6582210133,"531":0.6942897593,"532":0.6371886162,"533":0.6554592971,"534":0.6535689501,"535":0.7158991048,"536":0.658282775,"537":0.6153592118,"538":0.6154835909,"539":0.6238896543,"540":0.7377031285,"541":0.6464567945,"542":0.6563249976,"543":0.6332844403,"544":0.634102577,"545":0.6512755928,"546":0.6179569063,"547":0.6666889603,"548":0.6164167046,"549":0.6432544672,"550":0.616090561,"551":0.6338447703,"552":0.6569127033,"553":0.6840295398,"554":0.6532605455,"555":0.6335143361,"556":0.9179159195,"557":0.694968162,"558":0.6260705272,"559":0.624809794,"560":0.6189237627,"561":0.7046394818,"562":0.6426195826,"563":0.6250847493,"564":0.6569974863,"565":0.637076862,"566":0.6153401051,"567":0.8871643908,"568":0.6510037468,"569":0.6945945995,"570":0.6378259348,"571":0.6497473663,"572":0.7583149,"573":0.658638906,"574":0.9012294638,"575":0.6216187004,"576":0.6314915149,"577":0.6291901049,"578":0.6206597957,"579":0.9451299549,"580":0.7446649517,"581":0.6334967334,"582":0.8858494802,"583":0.6157344278,"584":0.6555219639,"585":0.9069597386,"586":0.6236789864,"587":0.6886274188,"588":0.8381696304,"589":0.7278608293,"590":0.7026413031,"591":0.6811108244,"592":0.6153425235,"593":0.6183583003,"594":0.6355264542,"595":0.7865586473,"596":0.6183900662,"597":0.6706711774,"598":0.7529273544,"599":0.6363999246,"600":0.6153599389,"601":0.7275086684,"602":0.6295694388,"603":0.6865643699,"604":0.6193999,"605":0.6923052483,"606":0.615616161,"607":0.6174550603,"608":0.7067689867,"609":0.6244701495,"610":0.6633166658,"611":0.6657712897,"612":0.6284023442,"613":0.6866384851,"614":0.7219933672,"615":0.6728879316,"616":0.6850218643,"617":0.6374864571,"618":0.6241734366,"619":0.6298112759,"620":0.6474754406,"621":0.7158005744,"622":0.628466607,"623":0.72522659,"624":0.6245480616,"625":0.6507462068,"626":0.7384819724,"627":0.6492089305,"628":0.664988769,"629":0.6913100178,"630":0.7051199993,"631":0.7034899496,"632":0.6466283212,"633":0.8017066533,"634":0.6723339988,"635":0.708928895,"636":0.6466142226,"637":0.6253838357,"638":0.6357829693,"639":0.6390382842,"640":0.896656548,"641":0.6864730138,"642":0.6158363171,"643":0.6187046829,"644":0.6730452731,"645":0.6198085545,"646":0.9417478137,"647":0.6542107988,"648":0.6880117011,"649":0.7412023547,"650":0.6517849455,"651":0.6640441974,"652":0.6214878413,"653":0.6182043125,"654":0.6793100786,"655":0.636208222,"656":0.6598262841,"657":0.6616895812,"658":0.8726030745,"659":0.6298904049,"660":0.8253520602,"661":0.6163857422,"662":0.6155511028,"663":0.6263578418,"664":0.6192764322,"665":0.8915651465,"666":0.6584598817,"667":0.7106122966,"668":0.6293916933,"669":0.6243646658,"670":0.6218042352,"671":0.6761788779,"672":0.7948284917,"673":0.627715501,"674":0.6174535451,"675":0.6370503631,"676":0.6161812757,"677":0.6643502598,"678":0.6330540045,"679":0.797918192,"680":0.9891479811,"681":0.6821545566,"682":0.6158766874,"683":0.9976336126,"684":0.7554801389,"685":0.6280740181,"686":0.6200799151,"687":0.6153610496,"688":0.7100857558,"689":0.7314107134,"690":0.628057148,"691":0.6463127744,"692":0.655462189,"693":0.9169616527,"694":0.6172352662,"695":0.9161602845,"696":0.7358639956,"697":0.6460388563,"698":0.6679712068,"699":0.6153978627,"700":0.8257637191,"701":0.7674223021,"702":0.6866813192,"703":0.7634773367,"704":0.8453290129,"705":0.6659823669,"706":0.8904314055,"707":0.6788541594,"708":0.734123763,"709":0.6630055877,"710":0.8058867884,"711":0.6506143886,"712":0.7006411451,"713":0.7774875798,"714":0.6551241129,"715":0.6211519938,"716":0.6267185333,"717":0.6495263457,"718":0.8549153206,"719":0.6265653792,"720":0.6155265117,"721":0.7544823534,"722":0.7124918284,"723":0.6353535134,"724":0.6387467756,"725":0.6638354867,"726":0.6163771041,"727":0.6158852814,"728":0.6333048234,"729":0.6560855072,"730":0.6376039154,"731":0.7331950726,"732":0.6412091432,"733":0.6158386748,"734":0.6173410905,"735":0.6652314119,"736":0.6453883309,"737":0.7450863963,"738":0.8500113138,"739":0.6596557788,"740":0.6657452072,"741":0.6916878454,"742":0.8002855172,"743":0.6187158483,"744":0.7288382576,"745":0.6483195589,"746":0.6164669556,"747":0.957987758,"748":0.9404095317,"749":0.6255357887,"750":0.6687511051,"751":0.7526701193,"752":0.7938546906,"753":0.805174024,"754":0.711162197,"755":0.6342113919,"756":0.9974513457,"757":0.6769580852,"758":0.9002782638,"759":0.615344921,"760":0.6666580756,"761":0.6222233565,"762":0.9069979768,"763":0.6725419452,"764":0.725360478,"765":0.702958392,"766":0.9540740514,"767":0.6481072303,"768":0.618015432,"769":0.6645308921,"770":0.6196948813,"771":0.6934815133,"772":0.6843687627,"773":0.856315207,"774":0.6304361257,"775":0.7618682616,"776":0.6728782767,"777":0.8367218219,"778":0.7019431114,"779":0.8832665826,"780":0.8787978336,"781":0.6200389072,"782":0.7657630024,"783":0.6175573828,"784":0.6211888934,"785":0.7035658497,"786":0.6703501182,"787":0.764944773,"788":0.744547898,"789":0.6252239529,"790":0.6368916473,"791":0.6508896753,"792":0.6821663258,"793":0.8910371733,"794":0.877590878,"795":0.6204374622,"796":0.7511976778,"797":0.6408761496,"798":0.6232923481,"799":0.620482953,"800":0.6544813156,"801":0.6205796217,"802":0.6754257197,"803":0.6267220739,"804":0.629045951,"805":0.6556224641,"806":0.6164796171,"807":0.6867587664,"808":0.6783162623,"809":0.6173741957,"810":0.6571921674,"811":0.6331373042,"812":0.6427727123,"813":0.6169947176,"814":0.6373705295,"815":0.6695734801,"816":0.759070062,"817":0.7872635818,"818":0.6211241233,"819":0.6708011824,"820":0.6372195101,"821":0.6356626915,"822":0.6233817393,"823":0.6532445004,"824":0.6167080367,"825":0.7857824201,"826":0.8834846688,"827":0.6906359883,"828":0.6848766073,"829":0.9629813434,"830":0.6479752282,"831":0.7163440943,"832":0.6456599961,"833":0.6217875892,"834":0.7465163652,"835":0.6493145827,"836":0.815084343,"837":0.6625625387,"838":0.7086062308,"839":0.6557753745,"840":0.6657484468,"841":0.8650240978,"842":0.6153474759,"843":0.809610533,"844":0.6666884894,"845":0.7261124266,"846":0.6993299744,"847":0.6424034221,"848":0.655124746,"849":0.6654401573,"850":0.6525644348,"851":0.7870261998,"852":0.7796792875,"853":0.6884081481,"854":0.6183882517,"855":0.7439176182,"856":0.620191004,"857":0.665637867,"858":0.6226478457,"859":0.6322965401,"860":0.7163265306,"861":0.7159408725,"862":0.684841783,"863":0.6476102043,"864":0.7612630903,"865":0.620361509,"866":0.6391823295,"867":0.6296057475,"868":0.6323807071,"869":0.6267194735,"870":0.6169571753,"871":0.6159930719,"872":0.6362277943,"873":0.6805109228,"874":0.6376775412,"875":0.6606599051,"876":0.622729961,"877":0.6927231783,"878":0.7822744992,"879":0.6524580614,"880":0.6535083864,"881":0.6318930725,"882":0.6773780997,"883":0.634674799,"884":0.693308173,"885":0.6192212075,"886":0.7169389528,"887":0.8285949267,"888":0.6956287733,"889":0.6177701462,"890":0.6391548096,"891":0.6372363198,"892":0.7852235229,"893":0.6549726388,"894":0.7204861811,"895":0.7411304719,"896":0.9813033897,"897":0.6295363925,"898":0.6159227058,"899":0.8878676874,"900":0.7224059917,"901":0.6656699204,"902":0.617552907,"903":0.670201817,"904":0.7060159828,"905":0.8802107492,"906":0.9728233138,"907":0.6267254502,"908":0.806648865,"909":0.8278694286,"910":0.6283632441,"911":0.7061267111,"912":0.6408900908,"913":0.6920512467,"914":0.626706834,"915":0.743857912,"916":0.6736406923,"917":0.6498571922,"918":0.7561100393,"919":0.657865091,"920":0.6266180768,"921":0.9116256743,"922":0.6519621583,"923":0.6312541242,"924":0.6374317291,"925":0.6405283705,"926":0.6190056315,"927":0.6175691614,"928":0.6173271709,"929":0.6161694062,"930":0.9161512791,"931":0.6982069116,"932":0.7518251968,"933":0.8760590158,"934":0.6575371326,"935":0.6454490663,"936":0.6430182138,"937":0.6782421211,"938":0.6877482079,"939":0.6195512882,"940":0.6160541042,"941":0.8018650677,"942":0.6745196856,"943":0.7508579284,"944":0.6313612319,"945":0.6662976041,"946":0.6820250992,"947":0.6232516605,"948":0.9897872061,"949":0.6652146334,"950":0.6162075912,"951":0.7057159208,"952":0.6721935311,"953":0.7595068784,"954":0.6180886709,"955":0.7249168297,"956":0.6699990218,"957":0.6312366409,"958":0.6388484116,"959":0.6413404427,"960":0.9840317835,"961":0.6190260934,"962":0.6550200847,"963":0.7010866239,"964":0.6253965219,"965":0.6265330648,"966":0.6296794477,"967":0.6595415008,"968":0.6167287394,"969":0.6554394848,"970":0.9040023769,"971":0.6643240896,"972":0.6161949875,"973":0.8245666799,"974":0.6772407996,"975":0.6172011744,"976":0.6291651125,"977":0.6728275133,"978":0.6538096366,"979":0.6388756406,"980":0.6220278388,"981":0.7839896758,"982":0.6162772877,"983":0.7308089919,"984":0.8792559613,"985":0.7622505988,"986":0.7238074152,"987":0.6200524873,"988":0.9214108735,"989":0.6274279393,"990":0.617831695,"991":0.7767543398,"992":0.7687500755,"993":0.6605829342,"994":0.6227612089,"995":0.6874893674,"996":0.7571052577,"997":0.7108989446,"998":0.653334767,"999":0.6275767382},"y2":{"0":0.8760520581,"1":0.3991496208,"2":0.8339819563,"3":0.7785891743,"4":0.9160646764,"5":0.9114079271,"6":0.2953025419,"7":0.8513602775,"8":0.7916534006,"9":0.5279502123,"10":0.9356362826,"11":0.3523678688,"12":0.7121338331,"13":0.5851036045,"14":0.6657527267,"15":0.8337199264,"16":0.9315761915,"17":0.7281846893,"18":0.9011273321,"19":0.9147676699,"20":0.5983377562,"21":0.7614853457,"22":0.5669502692,"23":0.2935393357,"24":0.8415313532,"25":0.647046572,"26":0.5516345874,"27":0.843541201,"28":0.5521942419,"29":0.2903913506,"30":0.2740176121,"31":0.75065311,"32":0.6185006034,"33":0.6839532407,"34":0.5203747377,"35":0.9160193155,"36":0.3639401396,"37":0.7114723315,"38":0.215477596,"39":0.8048371999,"40":0.4825845149,"41":0.8881832312,"42":0.7972454619,"43":0.4562976354,"44":0.9260002269,"45":0.8972381771,"46":0.8451486923,"47":0.5096556526,"48":0.747272879,"49":0.86273579,"50":0.4227955479,"51":0.4815900779,"52":0.7781866175,"53":0.7064200372,"54":0.5502804889,"55":0.9378138444,"56":0.8147756373,"57":0.4904147739,"58":0.4149053652,"59":0.857951844,"60":0.721328258,"61":0.2194873504,"62":0.9233884341,"63":0.6392208105,"64":0.8466597354,"65":0.3056644602,"66":0.7833179264,"67":0.2271360648,"68":0.9015221492,"69":0.90783594,"70":0.6550055928,"71":0.9053781567,"72":0.8373769417,"73":0.7054635322,"74":0.3500931328,"75":0.5845478408,"76":0.251509984,"77":0.8831824624,"78":0.3468484081,"79":0.9358038334,"80":0.8673511126,"81":0.7400717713,"82":0.6901728854,"83":0.6915574738,"84":0.4959266064,"85":0.3806147392,"86":0.9346597218,"87":0.8304536101,"88":0.7309249857,"89":0.7419267175,"90":0.2938125855,"91":0.4452651729,"92":0.8302006986,"93":0.759835149,"94":0.4405465479,"95":0.2607204764,"96":0.9301414115,"97":0.9269830997,"98":0.9371414961,"99":0.8399407844,"100":0.8214972744,"101":0.3770009795,"102":0.7721792797,"103":0.8054303906,"104":0.4037696953,"105":0.2753135993,"106":0.5090834954,"107":0.5830989517,"108":0.9124300138,"109":0.5961503984,"110":0.6166067516,"111":0.4483843893,"112":0.5882236317,"113":0.2351994668,"114":0.9021484759,"115":0.8514603701,"116":0.475878149,"117":0.786093912,"118":0.585326924,"119":0.5947798618,"120":0.8847581104,"121":0.6064681916,"122":0.4580596575,"123":0.8307452754,"124":0.4667590056,"125":0.2291782028,"126":0.7245536169,"127":0.825221112,"128":0.3113182968,"129":0.8996202257,"130":0.5663715225,"131":0.9308720153,"132":0.6648307633,"133":0.8875762023,"134":0.7600342719,"135":0.4801942482,"136":0.9352911267,"137":0.7868352519,"138":0.2832779259,"139":0.717851881,"140":0.8514806885,"141":0.764927816,"142":0.9282882689,"143":0.7514601164,"144":0.5767913502,"145":0.3964502478,"146":0.5745936381,"147":0.4597284783,"148":0.2703004925,"149":0.6619378722,"150":0.3897601226,"151":0.3296777146,"152":0.5458977103,"153":0.8937716682,"154":0.7858800678,"155":0.7086646746,"156":0.7127799524,"157":0.923022341,"158":0.2690774489,"159":0.88790096,"160":0.3980336085,"161":0.8287329857,"162":0.3021391825,"163":0.2808114344,"164":0.2388796596,"165":0.7839618767,"166":0.6973584705,"167":0.9069598584,"168":0.26049384,"169":0.8445165981,"170":0.5540689172,"171":0.9154558659,"172":0.6432450281,"173":0.9006619997,"174":0.8755710745,"175":0.8951976898,"176":0.8832636206,"177":0.461167676,"178":0.4001884892,"179":0.5373616689,"180":0.4806969854,"181":0.9018244438,"182":0.7418585804,"183":0.9205524576,"184":0.8735637455,"185":0.3124964942,"186":0.8203472776,"187":0.2706922103,"188":0.7575809802,"189":0.9062212144,"190":0.8517467676,"191":0.6431209494,"192":0.5244669178,"193":0.4529089028,"194":0.6757407601,"195":0.7592433347,"196":0.6803254183,"197":0.9225013718,"198":0.9057747675,"199":0.2781757982,"200":0.3062160434,"201":0.3571542984,"202":0.649050539,"203":0.6292561306,"204":0.6305642873,"205":0.8659391724,"206":0.9131331899,"207":0.5447864148,"208":0.4678346073,"209":0.8222251565,"210":0.6353893877,"211":0.5142567323,"212":0.9061853679,"213":0.875174162,"214":0.2074302506,"215":0.910371411,"216":0.3762445158,"217":0.9061026121,"218":0.3816567416,"219":0.8663476778,"220":0.5055183378,"221":0.6146957335,"222":0.9272492541,"223":0.4073476688,"224":0.5462932212,"225":0.6293551941,"226":0.7801854713,"227":0.7903108636,"228":0.7677240442,"229":0.8158990275,"230":0.9000056134,"231":0.8317828848,"232":0.4617647896,"233":0.4134371142,"234":0.8640284428,"235":0.5960651347,"236":0.6968552585,"237":0.6929379945,"238":0.8754665453,"239":0.8562528585,"240":0.497925839,"241":0.2155897609,"242":0.3917404625,"243":0.8609477576,"244":0.7322544158,"245":0.8994918318,"246":0.2872243869,"247":0.343428306,"248":0.9368434839,"249":0.7799830493,"250":0.8883044553,"251":0.387159336,"252":0.6106279222,"253":0.8809038414,"254":0.3214485519,"255":0.8793936223,"256":0.8576106701,"257":0.7678725704,"258":0.4675327464,"259":0.7775611629,"260":0.8740741006,"261":0.8372744649,"262":0.7407221085,"263":0.6939292183,"264":0.5966944577,"265":0.5591573287,"266":0.4263111052,"267":0.9297444595,"268":0.8394071277,"269":0.871002751,"270":0.7414322279,"271":0.8863953099,"272":0.831626435,"273":0.6325574448,"274":0.7727025343,"275":0.5060719196,"276":0.9219718998,"277":0.2084015196,"278":0.8162607599,"279":0.8572696647,"280":0.3200557273,"281":0.7704063754,"282":0.439895579,"283":0.7629517246,"284":0.9296671437,"285":0.8852725346,"286":0.8979590315,"287":0.8488135149,"288":0.3291577132,"289":0.5834616634,"290":0.7840934818,"291":0.8993932795,"292":0.8804308799,"293":0.8948277814,"294":0.4368120575,"295":0.2570191778,"296":0.7050672273,"297":0.9318147646,"298":0.8412320979,"299":0.5758543854,"300":0.8800149095,"301":0.9334462236,"302":0.4292054946,"303":0.5395389555,"304":0.6470119537,"305":0.5612932616,"306":0.8320339898,"307":0.4852115817,"308":0.8248259116,"309":0.3031822394,"310":0.9064598906,"311":0.6618725239,"312":0.3790396245,"313":0.3848613974,"314":0.5635673053,"315":0.8503662514,"316":0.9088983069,"317":0.3600401671,"318":0.8607418143,"319":0.8144613652,"320":0.6441357053,"321":0.2127994874,"322":0.9235864064,"323":0.6361264803,"324":0.6108943218,"325":0.2225883566,"326":0.5699847097,"327":0.8569925942,"328":0.3730536176,"329":0.7049874968,"330":0.6119216394,"331":0.7810712312,"332":0.3985124856,"333":0.3657399819,"334":0.2519860114,"335":0.4898655835,"336":0.6447088111,"337":0.8175692937,"338":0.7522244629,"339":0.7847594522,"340":0.9315443968,"341":0.8891684641,"342":0.9105449841,"343":0.776196886,"344":0.7749565909,"345":0.7630192118,"346":0.2330378894,"347":0.9025075124,"348":0.8379877602,"349":0.781419192,"350":0.5290726357,"351":0.8283702378,"352":0.8904993904,"353":0.5365469849,"354":0.5254190353,"355":0.4732005291,"356":0.919767071,"357":0.8980680632,"358":0.9350836087,"359":0.6871409961,"360":0.4044336921,"361":0.4156845594,"362":0.7521560338,"363":0.3146958774,"364":0.4494547208,"365":0.7625027733,"366":0.2657177603,"367":0.7580619311,"368":0.519716292,"369":0.7748105816,"370":0.6091382259,"371":0.309877752,"372":0.724144262,"373":0.7596684042,"374":0.7967502908,"375":0.7777580122,"376":0.7700273936,"377":0.9023459486,"378":0.4105372111,"379":0.8743635695,"380":0.9195205637,"381":0.8208519207,"382":0.7519105824,"383":0.5691709936,"384":0.2914920659,"385":0.8863105394,"386":0.7884270348,"387":0.7460172915,"388":0.8709381714,"389":0.7701957528,"390":0.9067939889,"391":0.740702114,"392":0.812780053,"393":0.8940596518,"394":0.5795841834,"395":0.60740616,"396":0.6555783548,"397":0.2505666018,"398":0.7619831261,"399":0.3160596653,"400":0.880819035,"401":0.763967243,"402":0.3276449423,"403":0.6256125017,"404":0.8402457776,"405":0.7650673005,"406":0.8470368669,"407":0.5794768875,"408":0.4261083847,"409":0.8282841774,"410":0.2053858118,"411":0.4685608817,"412":0.7402565451,"413":0.4864162586,"414":0.5789329699,"415":0.4242800042,"416":0.8205707147,"417":0.8965404004,"418":0.3510241448,"419":0.9037921603,"420":0.2668539121,"421":0.6976461582,"422":0.2719362057,"423":0.221756144,"424":0.3429292312,"425":0.812295502,"426":0.6349798107,"427":0.7231283547,"428":0.6210101529,"429":0.4339342051,"430":0.6605145442,"431":0.8047039243,"432":0.9015674621,"433":0.9291811647,"434":0.8956269786,"435":0.7693322757,"436":0.8073322529,"437":0.8293145599,"438":0.6545023974,"439":0.9099922234,"440":0.6679945993,"441":0.5114707086,"442":0.5408641477,"443":0.7153317247,"444":0.4126741377,"445":0.7974884871,"446":0.4151967007,"447":0.3491721551,"448":0.4196317408,"449":0.6049110002,"450":0.2319070331,"451":0.4073759893,"452":0.8869602932,"453":0.523153467,"454":0.7981501113,"455":0.6086265501,"456":0.3469724974,"457":0.8489956529,"458":0.5165533261,"459":0.8211246957,"460":0.7326773158,"461":0.3909042468,"462":0.6182766555,"463":0.6807493576,"464":0.3154221724,"465":0.8283546663,"466":0.9173682299,"467":0.847475414,"468":0.92738238,"469":0.6373712703,"470":0.9250461166,"471":0.6269412606,"472":0.7698227797,"473":0.7397536462,"474":0.7109887075,"475":0.8764602672,"476":0.3448744492,"477":0.9052863616,"478":0.7119466812,"479":0.4035411498,"480":0.3904173865,"481":0.5514673697,"482":0.2431113863,"483":0.7546173378,"484":0.4739562163,"485":0.903482599,"486":0.4097581794,"487":0.3000881333,"488":0.5195845992,"489":0.7036618756,"490":0.5961948264,"491":0.8214063409,"492":0.8631586882,"493":0.5593297304,"494":0.5821571853,"495":0.8923588603,"496":0.9279994636,"497":0.8419899071,"498":0.931295235,"499":0.7606987119,"500":0.3744367655,"501":0.3325478755,"502":0.9356812447,"503":0.889381241,"504":0.6878137681,"505":0.9373312197,"506":0.9301967832,"507":0.9152949285,"508":0.6701101751,"509":0.8309444822,"510":0.8059005845,"511":0.5034300025,"512":0.8419953738,"513":0.8980460927,"514":0.8795201765,"515":0.9124202791,"516":0.9084744172,"517":0.2829233886,"518":0.6408686412,"519":0.3075172355,"520":0.841412008,"521":0.6627443072,"522":0.6779083841,"523":0.7061756417,"524":0.5888342165,"525":0.8413942853,"526":0.2619154648,"527":0.5608308283,"528":0.9359494416,"529":0.8476972764,"530":0.4235949711,"531":0.4173660207,"532":0.2531452609,"533":0.3885295398,"534":0.3911534545,"535":0.618366636,"536":0.7387753483,"537":0.2510586878,"538":0.2432648486,"539":0.5743383415,"540":0.7564284204,"541":0.9268208853,"542":0.5832510164,"543":0.7420744892,"544":0.3067651084,"545":0.5987042784,"546":0.3659933515,"547":0.3850172103,"548":0.6411400865,"549":0.8787847214,"550":0.250176532,"551":0.617758589,"552":0.8079259821,"553":0.7574749295,"554":0.3911876371,"555":0.6085699991,"556":0.7267672677,"557":0.9007521054,"558":0.5931037255,"559":0.9080658758,"560":0.5358645937,"561":0.4709901626,"562":0.4352175212,"563":0.9095244196,"564":0.7295496634,"565":0.8493294475,"566":0.2191865819,"567":0.6275420727,"568":0.283190492,"569":0.7782981906,"570":0.7880518061,"571":0.5838163877,"572":0.6109671072,"573":0.8769160821,"574":0.8440296233,"575":0.7863957443,"576":0.8691606917,"577":0.9366777017,"578":0.862211793,"579":0.2975543637,"580":0.5737224827,"581":0.2525754666,"582":0.8671349835,"583":0.9047239577,"584":0.7540394478,"585":0.485203841,"586":0.8422639519,"587":0.5944793258,"588":0.6641334989,"589":0.4820426298,"590":0.9175559933,"591":0.8773546996,"592":0.350161492,"593":0.9351379344,"594":0.8044285602,"595":0.4471684127,"596":0.9275437227,"597":0.2357486699,"598":0.9304927182,"599":0.8522290062,"600":0.9110350675,"601":0.9309712887,"602":0.5516516875,"603":0.2501543813,"604":0.260747917,"605":0.7905395274,"606":0.5622099172,"607":0.4596546691,"608":0.8577228561,"609":0.8296317545,"610":0.7167380935,"611":0.8035898948,"612":0.8487553273,"613":0.2206314767,"614":0.8068129984,"615":0.896671525,"616":0.9140063186,"617":0.847181883,"618":0.2604030159,"619":0.8518975271,"620":0.9320399127,"621":0.9293469361,"622":0.9009217482,"623":0.4843290597,"624":0.7964859222,"625":0.6163743759,"626":0.3015732851,"627":0.592738719,"628":0.929788145,"629":0.4246394316,"630":0.4822095805,"631":0.8919368957,"632":0.9048039753,"633":0.3375845214,"634":0.4982490983,"635":0.9373495138,"636":0.327251857,"637":0.8972827124,"638":0.7720304311,"639":0.9216968603,"640":0.8058854115,"641":0.3095201189,"642":0.7724711641,"643":0.5253713571,"644":0.8557951331,"645":0.688774541,"646":0.5303719039,"647":0.86872027,"648":0.8969659066,"649":0.5331480481,"650":0.9019704955,"651":0.2147327398,"652":0.9200496605,"653":0.4083765438,"654":0.5365405896,"655":0.8656336228,"656":0.5021137608,"657":0.6648521985,"658":0.8996114966,"659":0.4625644074,"660":0.9003706771,"661":0.3030031478,"662":0.3056814866,"663":0.8176947703,"664":0.8049454503,"665":0.8926414241,"666":0.676722317,"667":0.9074290956,"668":0.699248618,"669":0.7104323078,"670":0.2469457878,"671":0.601784778,"672":0.5262904892,"673":0.7562351514,"674":0.7935964391,"675":0.2515777095,"676":0.8902266759,"677":0.9226902413,"678":0.6873736636,"679":0.8185225056,"680":0.9365618913,"681":0.7926356611,"682":0.8436446183,"683":0.6487950523,"684":0.7609964046,"685":0.6586513497,"686":0.4056520507,"687":0.2253638687,"688":0.9283692948,"689":0.6875557944,"690":0.6435058586,"691":0.4790424668,"692":0.8088150228,"693":0.8533994409,"694":0.8544404559,"695":0.895299643,"696":0.9123180177,"697":0.9108971293,"698":0.7788655546,"699":0.6684841593,"700":0.3785831218,"701":0.735556999,"702":0.8040404935,"703":0.8701209075,"704":0.407349975,"705":0.9101518169,"706":0.7007417902,"707":0.717885823,"708":0.9191494657,"709":0.7531485937,"710":0.5411754358,"711":0.2441951497,"712":0.8528573329,"713":0.9346481873,"714":0.8083724679,"715":0.7525287255,"716":0.7634939859,"717":0.9156582036,"718":0.8983056087,"719":0.5455757956,"720":0.4088878468,"721":0.6802405859,"722":0.2277344279,"723":0.8853422165,"724":0.6421878853,"725":0.8139000663,"726":0.7302867894,"727":0.4224757817,"728":0.8313693193,"729":0.7263135371,"730":0.8753587936,"731":0.4922279027,"732":0.7962611795,"733":0.4563706728,"734":0.344632752,"735":0.4836608329,"736":0.2937875184,"737":0.903293472,"738":0.8740823595,"739":0.6449444231,"740":0.8294497206,"741":0.4204356508,"742":0.8800735332,"743":0.5323428032,"744":0.8453860843,"745":0.4573321636,"746":0.7733120604,"747":0.8759161441,"748":0.7561977462,"749":0.2756127837,"750":0.400315784,"751":0.6762556594,"752":0.9213370848,"753":0.9284306104,"754":0.229556227,"755":0.7142542373,"756":0.6247669434,"757":0.7412538709,"758":0.6022863504,"759":0.2443425418,"760":0.8234169137,"761":0.2502474078,"762":0.8609247065,"763":0.8583061668,"764":0.9036230564,"765":0.8767877248,"766":0.9025410568,"767":0.7041171503,"768":0.4077085289,"769":0.7789473546,"770":0.7451968051,"771":0.785980853,"772":0.8064898754,"773":0.5243700029,"774":0.3787415451,"775":0.4724358662,"776":0.7208621374,"777":0.9168506195,"778":0.9241035562,"779":0.6191636739,"780":0.7660615387,"781":0.4330642342,"782":0.22190784,"783":0.4926571041,"784":0.2388985136,"785":0.6020851051,"786":0.3278093993,"787":0.9092827118,"788":0.9354070656,"789":0.6290383196,"790":0.5243147389,"791":0.6460066265,"792":0.9331818212,"793":0.7533757623,"794":0.8978212132,"795":0.7090740305,"796":0.9132819626,"797":0.4846446604,"798":0.2247513536,"799":0.4567128282,"800":0.8640685508,"801":0.3483993059,"802":0.8369400379,"803":0.8003614434,"804":0.3477253638,"805":0.3702361475,"806":0.7985532684,"807":0.788353642,"808":0.5549571356,"809":0.3086302333,"810":0.9313161394,"811":0.8518663452,"812":0.9308382319,"813":0.7795540682,"814":0.479647611,"815":0.4576719222,"816":0.933578975,"817":0.9295621187,"818":0.5425035373,"819":0.7925003777,"820":0.2105224759,"821":0.9185889782,"822":0.6291367315,"823":0.8597766271,"824":0.6268963971,"825":0.932230429,"826":0.8248581082,"827":0.3068245833,"828":0.7602551708,"829":0.409124304,"830":0.2264572482,"831":0.2576354826,"832":0.4248915052,"833":0.8235632282,"834":0.8991321431,"835":0.8584447634,"836":0.7534986773,"837":0.7685426382,"838":0.7770085344,"839":0.4054481557,"840":0.4731861954,"841":0.8901977584,"842":0.3369296729,"843":0.6059782267,"844":0.8456012511,"845":0.4959225188,"846":0.3711819536,"847":0.2599855154,"848":0.7763338295,"849":0.917653733,"850":0.7211411571,"851":0.6899378321,"852":0.7053025816,"853":0.7889381303,"854":0.2199398534,"855":0.883150831,"856":0.259064304,"857":0.4869351228,"858":0.8811559526,"859":0.398099358,"860":0.8910505532,"861":0.2949254817,"862":0.6638955491,"863":0.7757085137,"864":0.8664706481,"865":0.239704685,"866":0.3038013499,"867":0.5605152692,"868":0.8043862309,"869":0.6054430822,"870":0.7196609296,"871":0.4977488474,"872":0.431442274,"873":0.8700399969,"874":0.5393732366,"875":0.6989436029,"876":0.6782411804,"877":0.7137696192,"878":0.8723946409,"879":0.8852080959,"880":0.5888241156,"881":0.6991481557,"882":0.2407189578,"883":0.2817706606,"884":0.8089326287,"885":0.4873328552,"886":0.9191359952,"887":0.7717460331,"888":0.4778754286,"889":0.3577613364,"890":0.8589388216,"891":0.8914830396,"892":0.3534937276,"893":0.9053242192,"894":0.8223531842,"895":0.4251929155,"896":0.8928392185,"897":0.721403718,"898":0.8706285614,"899":0.6921269423,"900":0.5824209506,"901":0.7401517266,"902":0.3411458895,"903":0.8402668842,"904":0.3516922947,"905":0.8374334796,"906":0.7454794083,"907":0.5547120515,"908":0.3951684086,"909":0.8688668644,"910":0.650788502,"911":0.8540331762,"912":0.7108581675,"913":0.3292624834,"914":0.5096175735,"915":0.6011916849,"916":0.9358093154,"917":0.8596324392,"918":0.8028102944,"919":0.736177954,"920":0.8170146996,"921":0.472693725,"922":0.7485570662,"923":0.2956948278,"924":0.7895243037,"925":0.495846911,"926":0.8663327851,"927":0.327208551,"928":0.5480705011,"929":0.814209334,"930":0.8284428465,"931":0.545271623,"932":0.7167431658,"933":0.7748642702,"934":0.8962011387,"935":0.4844153045,"936":0.6659394531,"937":0.9255830511,"938":0.6843630616,"939":0.2181316258,"940":0.5926132836,"941":0.8091977577,"942":0.3029108783,"943":0.7673981614,"944":0.7139759681,"945":0.4489169939,"946":0.853419248,"947":0.2211732176,"948":0.5867635764,"949":0.3039560038,"950":0.2727582851,"951":0.5458000179,"952":0.4856298708,"953":0.9283732272,"954":0.7815317519,"955":0.9046619921,"956":0.7437953003,"957":0.8336906799,"958":0.4557859931,"959":0.2283990009,"960":0.2425788718,"961":0.867624772,"962":0.6947656493,"963":0.7073923121,"964":0.7143475647,"965":0.8497646615,"966":0.3267486832,"967":0.9167603223,"968":0.617703374,"969":0.5491456859,"970":0.8186076155,"971":0.7578611317,"972":0.2340538794,"973":0.6309686726,"974":0.9047560189,"975":0.3976209025,"976":0.6659886125,"977":0.8989688723,"978":0.8368336854,"979":0.9312632895,"980":0.8851964732,"981":0.6641606874,"982":0.8933802628,"983":0.6141576411,"984":0.9090683934,"985":0.254925938,"986":0.8377440414,"987":0.4165917384,"988":0.7036288203,"989":0.7686240073,"990":0.9076381544,"991":0.7673412272,"992":0.808940087,"993":0.6335707244,"994":0.5422996716,"995":0.6845850554,"996":0.666421971,"997":0.7924671011,"998":0.7563777321,"999":0.8826206231}}